['2012 was the fucking shit man',
 'damn, hearing songs like this one feels like a real time machine to a time where electro music was insane! love it',
 '2012 all time best year for DNB literally everything made in 2012 is top',
 'This was posted in 2012??? Woooow.... this is amazing for that time',
 'New fav song. Love it',
 "https://www.youtube.com/watch?v=-iYzuc_gM9U\n\nYou're welcome",
 'Anyone come from Monstercat: Solace Album Mix?',
 '-------2019------->',
 'Who came from parkour',
 'Stunts amazing?',
 'Cod4 player for ever',
 'who is here form the beginning like 2012/2013? and now its almost 2020',
 'Ye I remember it all.',
 'I love itt 03-09-2019',
 'World is peacyful for 3:42‚òÆ',
 '1:41 üòß ITG .. 14 -   (177)',
 '1.6k people got zerg rushed :^(',
 'Next: Got me thinking ^_^',
 '2012 was the best year for liquicity',
 'Bad.. sry veela this was a miss',
 'The Game',
 'DAMN FIRST TIME LISTENING TO THIS SONG üòçüòçüòçüòç COMMENT SECTION - GI ME MORE OF THIS ü§ùüèº',
 'Thank you for making a song on me',
 'In my country, expect in my town no one listening to this music.. Im kinda sad of this, cause i cant share my feelings with somebody on this. Im from Czech',
 'I would do my best drifting to this song',
 '200 hour version please',
 'This and extacy',
 'wish i can go back to the year 2012 man good days i swear! @_@',
 'Starcraft <3',
 '2012. Back when everyone was young and carefree. Most of would stay in doors, interact with family and watch shows together. Others would play with their friends online( maybe some Minecraft or steam. And a small few would be outside, laying down on the grass and stare up into the evening blue sky or at the beautiful sunset that turns the sky into different colors wondering if this reality, this moment, would remain a beautiful, timeless, dream. I feel like this whenever I listen to this song. It gives off a special uplifting nostalgiaüíú\n\nAnyone else feel like this or is it just me?',
 'anyone 2019 here?',
 'This music on ecstasy is ecstasy',
 "That's aliens music",
 'ukraine?',
 'Ruined at 1:05 imo',
 "don't really know why i want to listen this song again, I know it like 7 years ago",
 '7 years ?',
 'I was so happy that i found this song again after not hearing it for years!!!! Such a good vibe off this song !how the hell did i forget about liquicity',
 'Name a better song than this',
 'Every time I listen to this song I have tingles on my head\r\n\r\nThis is beauty',
 'Star Craft. RDG PIRATESS 1989- 2003.  1337',
 'wow',
 'comes out from under my rock to discover this. hows it taken me so long....',
 '2012 sad memories , hard times.',
 "its the best l drum&bass tune i've ever heard, im crying wtf",
 'Some kids from this new generation will not find about this hidden treasure.',
 'I remember listening to this back then playing Minecraft as a 12 yo and just hangin with friends. Now today I do really miss these times as a young boy',
 'legendary',
 '_Drum & Bass haters are a thing, _*_unfortunately..._*',
 'nice video to this song https://www.youtube.com/watch?v=-iYzuc_gM9U',
 'YOD√ÉO HIIIIIIIIII',
 'Are the lyrics a reference to something? For some reason, they make me think of Alita Battle Angel...',
 "This is so cringe, it sounds emo and Anime y'all are gonna hate me for this but I hate Anime and personally I hate this song but there is no reason to hate on me, everyone can have their own opinion -.-",
 "Fuck man, I haven't heard this for years, I recognised the name and boom, flood of nostalgia, art is the best Homo Sapien invention, it's one of the only ones that doesn't kill us!",
 'qsdsikfhdsfidshiodshoids ....... i cant find anythink for say sooo gooodd from north afrika CARTHAGE',
 'my ex showed me this back in 2012, I remembered it all of a sudden in the shower lmao wtf.',
 'Oh, I find THIS song again. Awesome :)',
 'who is listenin in 2019 ?',
 '2019 July anyone?',
 'estaba buscando este mixxx',
 "I didn't think i would enjoy a song about a gamer girl..",
 'Seven years.....\n\nI‚Äôm kinda sad about that',
 'still nice song',
 '‚ù§Ô∏è‚ù§Ô∏è‚ù§Ô∏è',
 'So "kutyab≈ër: in 2019',
 'Forever Memorable ! sz',
 'Maduk, Buzum, Immotal, Dimu Bogir, cadle of fith\nMy favoite atists',
 'Great track!',
 'if anyone know any good songs like this one pls send it to me',
 'parkour parkour\ndays',
 'top dota',
 'Thanks osu',
 "Strongly dislike the Starcraft 2 story because it's so cringy, so I'm unfortunately having problems liking this song. The Kerrigan love-branch never made sense when you look at it from a Starcraft 1-perspective.",
 '2019 anyone?',
 'mizkifEgg',
 'Beautiful song',
 'any ggx gang?',
 'Any Osu players?',
 'Lovely!!!!',
 'Fon',
 'levo ≈üarkƒ±sƒ± derler buna',
 'This is Jimmy. Right on.',
 'This song reminds me of the days I used to sniff pills everyday. Just used to put this on and it took me and my mate to another place',
 'Renly Baratheon has left the chat.',
 'N o s t a l g i a  <3',
 'üñ§Nostalgia when life and music was goodüñ§ Take me back !',
 'nhu lol',
 'I‚Äôve decided to kill myself with nostalgia and this is the seventh stop and my tears just wont stop',
 '2019?',
 'im happy',
 'This on loop for hours.',
 'something dark is inside of me? I wonder what is in there LUL',
 'Whats the name of the girl who sings this song?',
 'This song kinda describe Daenerys  now in season 8',
 'Super Sound! findet Lothar',
 '"Maduk Veela is a truly magical combination." nothin more to say! you name it, its Magical <3',
 'Here thanks to my lyft driver.  Like it',
 '–≠—Ç–∏ —Ä–µ–±—è—Ç–∞ –ø—Ä–æ—Å—Ç–æ –∫—Ä–∞—Å–∞–≤—Ü—ã, –æ–±–æ–∂–∞—é –∏—Ö —Ç–≤–æ—Ä—á–µ—Å—Ç–≤–æ, –∂–¥–µ–º –æ—Ç –Ω–∏—Ö –Ω–æ–≤–∏–Ω–æ–∫...',
 'beautiful track but in my opinion, vip version are better :)',
 'can someone send me maybe 1 or 2 songs like this. ive googled drum and bass and drum and bass liquid and i couldnt find anything that hit this mark',
 'Its May 2019 ‚ù§',
 'I love this song',
 'Play at 1:25 üòÇ',
 'perfect tune!',
 'This song was my introduction to this genre of music. Back when I still did parkour. Great memories. ‚ù§',
 'Ive been listening to maduk for awhile and love his tunes but i came here to say from about 2:04 to 2:07 it sounds like she says personal deep dish.......your welcome lmaoü§£',
 'Monkeynews',
 'What happened to all this good music? This channel in nearly dead now :(',
 '2019 and I still return now and then to listen to this incredible song. I just love it! <3',
 'bunu dinleyen t√ºrk zaten yok da geleceƒüe selamlar form 24.04.2019  10:23 am',
 'This song is just unbelievable!! Love it',
 'Throwback üò≠',
 'ACTUAL JAMMER pepeJAM PepePls',
 'ParkOur!!!!!!!!!',
 'Well, I took too much\r Œº\rLiquicity',
 'I cant put my coondoom',
 'I made 8d audio this song because i love this song.‚ù§',
 '‚ô•',
 '"something dark inside me".... hummmm, ok too much porn for today im done.',
 'This is in D major, right?',
 '2019',
 '2019 :DD',
 'laura brehm vibes √∫w√π',
 'beautiful in words, the rhythm is a great song.',
 'I heard this song the first time about 4/5 years ago. It was on a TV show about videos picked from youtube. It was in a parkour video and was perfect for that images. Not enough fast tu use Soundhound but fortunately I catched the replay and Soundhound found it. I fell in love with this voice. Veela forever.',
 'Bring me back to the parkour and freerunning era.....',
 'God damn I miss this song so much',
 'The VIP is better, but what a great song.',
 'Lyrics:\r\n\r\n"Hey commander, can you unplug me? \r\nJust for a minute, I need some privacy." \r\nHeadset off and stretch her neck out \r\nDown the rocks to her head\'s safe house\r\n\r\n"Yeah, I remember it all \r\nLeave and shut out my calls," \r\nThe air was so dusty \r\nHer armour getting rusty \r\nShe found thoughts she\'d never had \r\nHer young ones were just as bad \r\nShe winced at her weapon \r\nAnd hold it to\r\n\r\nHole in her heart, feel like a lady \r\nFingers apart, cold, rugged and waiting \r\n"I can\'t believe it, Jim, how did you know where to find me? \r\nI kept the feelings in and really thought it had cost me.." \r\nDrops in her goggles aren\'t of love \r\nSomething\'s really wrong and it feels awful \r\nAnd even though her body\'s back to normal \r\nShe once was a villain and it\'s hiding in her soul\r\n\r\n"I don\'t want to know what \r\nShe did, she is not who I am \r\nAt least that\'s what I thought\r\n\r\nNow I\'m second guessing \r\nI can\'t put my gun down \r\nMy suit\'s getting heavy \r\nSomething wants to be released \r\nSomething dark inside me \r\nDark familiarity"\r\n\r\nShe open her eyes and watched the ruins \r\nAnd thought of her life and her love to lose \r\nShe shook out her lenses, they\'d want her back soon \r\nThe moments alone becoming scarce and few \r\nSure, she could fight, but she\'s getting visions \r\nDeeds that were unspeakable and personally did \r\nShe couldn\'t pose a threat to the Ghost like this \r\nHe rescued her once now it\'s her turn to save him\r\n\r\n\r\n"Yeah, I remember it all \r\nLeave and shut out my calls," \r\nThe air was so dusty \r\nHer armour getting rusty \r\nShe found thoughts she\'d never had \r\nHer young ones were just as bad \r\nShe winced at her weapon \r\n\r\n\r\n"I don\'t want to know what \r\nShe did, she is not who I am \r\nAt least that\'s what I thought\r\n\r\nNow I\'m second guessing \r\nI can\'t put my gun down \r\nMy suit\'s getting heavy \r\nSomething wants to be released \r\nSomething dark inside me \r\nDark familiarity"Lyrics:\r\n\r\n"Hey commander, can you unplug me? \r\nJust for a minute, I need some privacy." \r\nHeadset off and stretch her neck out \r\nDown the rocks to her head\'s safe house\r\n\r\n"Yeah, I remember it all \r\nLeave and shut out my calls," \r\nThe air was so dusty \r\nHer armour getting rusty \r\nShe found thoughts she\'d never had \r\nHer young ones were just as bad \r\nShe winced at her weapon \r\nAnd hold it to\r\n\r\nHole in her heart, feel like a lady \r\nFingers apart, cold, rugged and waiting \r\n"I can\'t believe it, Jim, how did you know where to find me? \r\nI kept the feelings in and really thought it had cost me.." \r\nDrops in her goggles aren\'t of love \r\nSomething\'s really wrong and it feels awful \r\nAnd even though her body\'s back to normal \r\nShe once was a villain and it\'s hiding in her soul\r\n\r\n"I don\'t want to know what \r\nShe did, she is not who I am \r\nAt least that\'s what I thought\r\n\r\nNow I\'m second guessing \r\nI can\'t put my gun down \r\nMy suit\'s getting heavy \r\nSomething wants to be released \r\nSomething dark inside me \r\nDark familiarity"\r\n\r\nShe open her eyes and watched the ruins \r\nAnd thought of her life and her love to lose \r\nShe shook out her lenses, they\'d want her back soon \r\nThe moments alone becoming scarce and few \r\nSure, she could fight, but she\'s getting visions \r\nDeeds that were unspeakable and personally did \r\nShe couldn\'t pose a threat to the Ghost like this \r\nHe rescued her once now it\'s her turn to save him\r\n\r\n\r\n"Yeah, I remember it all \r\nLeave and shut out my calls," \r\nThe air was so dusty \r\nHer armour getting rusty \r\nShe found thoughts she\'d never had \r\nHer young ones were just as bad \r\nShe winced at her weapon \r\n\r\n\r\n"I don\'t want to know what \r\nShe did, she is not who I am \r\nAt least that\'s what I thought\r\n\r\nNow I\'m second guessing \r\nI can\'t put my gun down \r\nMy suit\'s getting heavy \r\nSomething wants to be released \r\nSomething dark inside me \r\nDark familiarity"',
 'anthem of DnB!',
 'Marduk > Maduk',
 'I remember when my brother first introduced me to Veela. I eventually found this song and her I am, several years later and it just occurred to me to come seek this song out again. Good shit.',
 'listen to the truth kiddies',
 'thank you',
 'banger!!!',
 'Nice DnB bro',
 'MW2 days',
 'I did not know about this diamond. I had a hartformring what was getting different stone color when temperatuur. So.',
 '–ü—Ä–∏ —á–µ–º —Ç—É—Ç –£–∫—Ä–∞–∏–Ω–∞?',
 'Current Time: 12:49 AM \nDate: 26/03/2019\n\nRemembered Trickshot Montages, needed to find this song! remember Veela and boom! Currently crying cause this song is still under-rated because even though it has nearly 12 million views still not a lot of people know this song!',
 'this needs an animated music video you know?',
 'Miss u mw2 days',
 'My favorite part 2:10',
 'Starcraft / carp fishing choose one',
 '2019',
 'Why dislikes  üò°',
 'absolute banger',
 'UnderTale Undye and Frisk XD',
 'RIP Kerrigan',
 'where have I been all this time',
 'Never gets old. Brings back so much memories. Bliss..',
 'I‚Äôm 18 and this takes me back to when I was 12 and it makes me so sad and nostalgic I loved this song so much it gives me such a wave of memories, this just made me really look back and realize how fast my life is happening woah',
 'PVC OkayChamp',
 'Liquicity the boss music',
 'im on a nostalgia trip bitches.',
 '—Å–ª–∞–≤–∞ —É–∫—Ä–∞–∏–Ω–µ',
 '0:43 <3',
 '‚ùóÔ∏èüì£Did you know there is a Liquicity Festival this summer? Liquicitizens and artists from over 50 countries come together to celebrate Drum & Bass music. Three days including campsite near Amsterdam. More info: http://liquicity.com/festival',
 'Nostalgia moments. -2019-',
 'SA-MP Drift old days...',
 '2019 anyone??',
 'parkour',
 'ghost ass',
 '2019 bump still a banger <3',
 'Maduk ft. Veela - Ghost Assassin 2:11',
 'Yodaaaaaaaaaa',
 'First ever nostalgic song for me',
 'UKRAINE',
 'i used to free run to this song',
 'any m0xy 5Heads in the chat?!',
 'on mars',
 'Veela X Laura Brehm on one track please',
 '–ö–∞–∑–∞–ª–æ—Å—å –ë–´. –ü—Ä–∏—á–µ–º —Ç—É—Ç –£–∫—Ä–∞–∏–Ω–∞?',
 '2019 any1? :(',
 'i will always remember this song because had a very big car accident and when i woke up this song was playing in my car! good memories !',
 '"I can put my condom" :D',
 "Les vrai reconna√Ætront kinstaar et son best of d il y a plus d'un an",
 'Love this song. Heard many similar songs but maybe there are some I haven‚Äôt heard. If anyone has any suggestions please let me know',
 'still here :D',
 'These lyrics :D :D',
 'KERRIGAN! KERRIGAN! KERRIGAN!',
 '*First on 2019. Awesome* !',
 'Waaaaaa',
 '2019? Still Work',
 'Love that a pretty mainstream song is about Kerrigan!',
 '2019 ‚ù§',
 '2019?)',
 'Osu :v ‚ô°',
 'I absolutely loved this song back then and i still love it',
 '25th December 2018 in XMAS Time',
 '–ö–∞–∑–∞–ª–æ—Å—å –±—ã –ø—Ä–∏—á—ë–º —Ç—É—Ç –£–∫—Ä–∞–∏–Ω–∞',
 '00:01 to 00:20 I get SAO flashbacks everytime',
 '2018 ??',
 'love it!!:]',
 'memories///////////////////////////',
 '2018 who is here?',
 'Liquid dnb is the correct answer',
 'Who else remembers when this video had a different background? Just found this after a few years, damn I miss those days...',
 'Here since upload. Maduk definitely part of my childhood, just like Avicii was. Much love!',
 'EP version are better, love you Vella :)',
 'Time flies and this song is getting more and more nostalgic',
 'Mising',
 'this song + Anthem = fuckin harmony',
 "One of few moments of one's life\nThat is remembered forever\nIt's just enigmatic and Devine yet serenic.",
 '–ö–∑–∞–ª–æ—Å—å –±—ã, –ø—Ä–∏—á–µ–º —Ç—É—Ç —É–∫—Ä–∞–∏–Ω–∞',
 'Csgo Player ?',
 'cs 1.6 dan gelenler +1',
 "haven't heard this in like 5 years",
 'Nicole, se um dia voc√™ ler esse coment√°rio saiba que eu ainda penso em voc√™, e que te amei demais.. sem voc√™ minha vida fica t√£o sem gra√ßa.. voc√™ gostava dessa m√∫sica e toda vez que escuto lembro do seu sorriso e sua risada.. espero que voc√™ esteja bem :/\nAss : Gui',
 'i never find dnb songs like this............................. HELP ME',
 '2018',
 "Yo I'm on my friends on acid and I'm tripping the out looking threw this music and ... the picture",
 'ohbeeko.',
 'Its so god',
 'This song is still just as good years later',
 'Veela voice üòç',
 'Something dark inside of her??.....',
 'Your armor is feeling crusty',
 '10 mil  vieuwzz nice',
 '2018, and still listening to this masterpiece.',
 '2018?!',
 'it is copyrighted plz',
 'Still listening in 2018... I miss the days when I could stay up late playing games and listening to this channel.',
 'Masterful',
 'Anything with Veela is üî•',
 'Is it just me, or is the second verse slightly out of time?',
 'Anyone 2018?',
 '25/9/2018. 10m views',
 'Still listening in 2018. Really nice DnB',
 'Uhh? Anyone? 2018?',
 'what type of dnb this is? Liquid? what other songs are similar to this one',
 'oh wow 6 years old and its still so good. why did i just find this...',
 'üëç',
 'Veela is a queen',
 '2018???',
 'liquid DNB is the one its chill but hyper',
 'Song to keep calm and feel the universe <3',
 'Great sound, thank you!!!',
 '1:17 i cant put my condom',
 'THE* BEST !',
 'nice',
 'Thanks crying reckful for reminding me of this song',
 'Love Music <3',
 'Hey is this fair use???',
 'Nostalgia!',
 'TRAAAAB',
 '2018???',
 'I like big ass',
 'I... only found this because of osu!',
 '2018?',
 'LCERO <3',
 "I'm the only one??",
 '1:17\n\n"I can\'t put my condom\nPussy\'s getting heavy\nSomething wants to be released\nSomething dark inside me\nDark familiarity"',
 'My favourite song üòçüòçüòçüòçüòçüòòüòòüòò thank you',
 'Beter love story than twilight',
 'MADUK and VEELA, is there a better duo? <3',
 'Trackmania :)',
 'I lovw this somng',
 'reckful',
 'Still gives me the chills! I love this song <3',
 'Who is hearing this great Song in 2018? ‚úåüëå',
 '2018 and still my best music  :)',
 '2018 ?',
 '–ü—Ä–∏–∫–æ–ª –ø—Ä–æ "–∫–∞–∑–∞–ª–æ—Å—å –±—ã –ø—Ä–∏ —á—ë–º —Ç—É—Ç —É–∫—Ä–∞–∏–Ω–∞" –µ—â—ë –≤ —Ç—Ä–µ–Ω–¥–µ?',
 'Its just music people you guys idolize it too much',
 'boring, sorry',
 '2018',
 'I Found This Song By Watching A 2013 Or So Parkour Video Like 4 Years Ago.',
 'Á•ûÊõ≤',
 '3:40 -  Best part. So in love!',
 '3:40 -  Best part. So in love!',
 '2018 <3',
 'I come here for 2:11 I love how Maduk does these voice-sample thingies in his tracks <3',
 "I can't put my condom..",
 'xQc brought me here, lets goooo',
 '2018 ?',
 'Is bad seeing this channels fading away',
 'Marm',
 '1:43 and then ‚ù§',
 'WHO IS HERE FOR XQC?',
 'CONDOM,WHATS THIS DRUM AND BASS OR DATE LINE,LOL.',
 'wow glad this track received so much reviews! Been there since 2013',
 '2018',
 'Supernova !',
 'People still listening in 2018?? I know I am',
 '2018 Anyone',
 'Live do Yoda',
 '2018 someone?',
 'i remember the second i woke up one morning this was the FIRST thing in my mind and i had to listen to it there and then xD :)',
 'I love listening to this while playing some good games',
 'P A R K U R',
 'Comentario 5;000',
 '2018 <3',
 '2018 and still a banger!!!',
 'Mundial rusia 2018',
 '2018',
 'My favourite genre',
 'racoon city',
 'Liquicity Etonia was epic',
 'i know this song has something to do with starcraft based off the comments, but i cant help but think of haise sasaki from tokyo ghoul with a lot of these lyrics. anyone know what i mean?',
 'As always Veela vocals being over complicated and ruining the flow of the melody by just taking it over',
 'still gettin goosebumps everytime I listen',
 'Damn 6 years ago',
 'Fun fact this song was made for Sara Kerrygan from SC2, dont believe me? Look for the cinematic called the betrayal and this song will make a lot of more sense',
 'Riding a bike while listening to this is a therapy for me',
 '2018 Still THICC SONG!',
 'Iduel2010 anyone?',
 '–∫–∞–∑–∞–ª–æ—Å—å –±—ã –ø—Ä–∏ —á–µ–º —Ç—É—Ç —É–∫—Ä–∞–∏–Ω–∞ )',
 '2018 still love this song',
 "OMG I CAN'T BELIEVE IT!!!!  I FINALLY FOUND THIS SONGS!!!! üòÄ",
 '2018',
 'cancer',
 'hit me up @hogs for tatty pics',
 'i love this song so much it pleases me greatly',
 '2025 Still AMAZING!',
 '2018?',
 '2018, anyone?',
 'These lyrics are Morrissey level.',
 "2:10 '' Now i'm super saiyan''",
 "Warning: Listen to this while driving and you'll end up going 200 km/h at the end of it üòÇ",
 'this song is sick had this on last night in the car last night just popping and spitting absolutely great to listen to when ur racing mates',
 '2018?',
 'Voice a bit lame but nice music.',
 'I clicked on the video by fault and this song started and damb the feels .used to listen to this while gamig back 5 years ago ...',
 'So close to 10mil.',
 'nobody comment in 2018? lol',
 'Parkour is coming ?',
 '1:50 onwards. Perfect I üíï it üëäüèª',
 'I love swim in modern shitTube only to find masterpiece music that make me happy even when im on total bottom. Humanity Thank You for music.',
 'Thank you iddqd!',
 '2:07 am super sanein',
 'This song gives me autumn vibes.. \n\nEspecially when im skating through the trails while colored leaves are falling.. üçÅ üçÅ',
 'I like this song, but what is it about? Can someone explain',
 'still one of the best songs ‚ô•',
 'Pure Nostalgia',
 'yo',
 'üôåüèæüôåüèæüôåüèæ',
 '2018?',
 'I ship Kerrigan and Jim and this is perfection.',
 '1:49 to 2:20 is Fire üî•üî•üî•',
 'SO FUCKING GOOD DAMN',
 'Eski guzel gunler',
 '2018 anybody?',
 'everytime i think DNB took me everywhere... something like this occurs',
 'Ghost in a Shell',
 'Man, I was a different person when this song first came out. listening now takes me back in time..',
 '2018?',
 '2018 still amazing‚ù§',
 'genre called perfection',
 '2018!',
 'This version messed up the vocals and tempo starting at 1:48. This one is much better https://www.youtube.com/watch?v=JZsUeWxN9iI',
 'Mw3 montage toysolder. üòç',
 'Memories',
 'g e n e r i c dnb',
 'Still the best',
 '6 Years later still AMAZING <3',
 '2018 :D',
 'This song is about Sarah Kerrigan, right?',
 'I remember adding this song in video gameplay by my game in the old gold call of duty ):üíî R.I.P old day ...',
 'Can anyone recommand me more songs like that',
 '#Nostalgia',
 'Something dark inside me...',
 '0:43 is zalzars intro',
 '2k18 love it',
 'Damn. Someone must be cutting onions round here.',
 'S√ºper ya. Harika bir ≈üarkƒ±',
 '2018 anyone :D',
 'hey man',
 'No.',
 'she thought of her life and love for hulu is what i hear lol',
 'Had To Come Back To It üòä',
 '2018',
 "Its 2018 and i still can remember every MW2 trickshot clip using this song !!! GOOD OLD DAYS :')",
 '2018???',
 'Everytime i here this, i think abaut sc2 arcade "Stukov and pals"(it was on when you win)',
 'How came here just because of the intro',
 '.',
 '6 years ... and I still want to fuck the shit out of Vela',
 'Memories :`)',
 'Zoom warfare #3',
 'perfect just perfect! I like',
 'parkour',
 '2018 ?',
 'Para dotearloooooo',
 "My mouth is dry, bring me a beverage or i'll leave a dislike.",
 'still best song on this chanel',
 'Rafis dt',
 'fk off t1 chat',
 'Is this copyrighted?',
 'Ty Tyler1 OmegaLUL',
 '‚ù§Ô∏è‚ù§Ô∏è‚ù§Ô∏è‚ù§Ô∏è',
 "2018 and I can't stop play this.",
 'This song change my life now my favourite is parkour!',
 'Veela is still amazing',
 'yodao',
 'Just found this in 2018... I love it regardless',
 'I swear this sounds like a song about Kerrigan.',
 'Memories ‚ô•',
 'legendary intro :D',
 '2018 stull in love üö¨‚ù§',
 'I used to think of halo when hearing this when I was younger, now being in a specialized group in the military xd this song sounds like reality haha',
 '2018 and still rocking',
 'mw2 days',
 'cod my love üò™',
 'will bring u 2 tv',
 'Miss the trickshot days love this song ‚ù§Ô∏ècan‚Äôt believe it came out nealry 6 years ago',
 'Amazing track this is and way ahead of your time.',
 'BEST PARKOUR SONG EVER!!!!!!',
 'Great song very catchy.',
 'Can some one recommend other songs with similar tunes?',
 "To be honest, I don't like first part odnthe song, but from 00:40 till end... I will repeat this part for atleast 2 weeks 24/7",
 'This trac i am lisn from 12 years now i am 20',
 'Dam that moment gave me chills',
 'Where All Da Circle?',
 'Doesnt matter how many times i listen to this.\n\nThis song always brings me back to my deepest memories, the memories i cherish the most, the ones i keep to my heart.\n\nIts so weird listening to this song, because i can remember things i wouldnt normally remember without this song.\n\nIts so weird.',
 'Where can I get this picture without liquicity symbol?',
 'Maybe this song doesn\'t give enough "StarCraft feeling", but interpreting Kerrigan\'s story in this way is soooooooooo coooooooool!',
 'This fits the novel (Shatter me) so well!! ‚ô•',
 'It doesnt what time it is, how old i am or what im doing.\n\nWhen this song comes on, all the memories from a certain time of my life comes spreading through. Happiness, problems, sadness but most importantly: Happy moments when i was the most happy man of my life. But those times doesnt last forever.\n\nI sure miss the times of my life where there wasnt a care in the world, but this song brings me back to those sweet mememories. I get some tears while i write this, but its worth it, because those memories.. I still remember them.\n\nNo matter how though life is, theres no reason to give up, atleast not yet, quite far from it.\n\nCool song when i was 16-17 old, this came out.. It really gave me hope when there was difficult times.\n\nThanks for creating this song.',
 'The motherfuckin BEST PARKOUR SONG !!!!! FUUUUCK !!! I LOVE THAT !!!!!!!!!!!!!!',
 'i love her voice',
 'Hey if you are using reddit, come to our little reddit liquicity community reddit.com/r/Liquicity',
 '2017 - still listening to this...',
 'Followed by mad uk is anybody out there',
 'Still strong 2017',
 'Holy fuck I forgot about this song omg',
 'Still coming back 5 years later...',
 '–ü–æ—á–µ–º—É –∫–æ—Å–º–æ—Å –Ω–∞ –±—ç–∫-–≥—Ä–∞—É–Ω–¥–µ –ø–æ—Ö–æ–∂ –Ω–∞ —Ñ–ª–∞–≥ –£–∫—Ä–∞–∏–Ω—ã? :D',
 'good old times <333333333333333',
 '2k17 and i still love this song',
 'Zajebisty kawa≈Çek .... Pozdrawiam z Polski',
 'Thug commander',
 'best part is 2:50',
 'kerrigan from starcraft',
 '2012..',
 'sweet voice',
 'Everyone knows this is about *Kerrigan* <3',
 'I came here because of that parkour video : D',
 'fuck i love starcraft and this',
 "1:17 i can't put my condom (._.)my brain:üòêüî´",
 'this sounds so realistic with headphones on....... (idk if i mispelled something so if i did dont judge me im from pl so yea)',
 'Love this!',
 'Can i use this Song for a video or is it copyrighted?',
 'That beat drop made me eargasm',
 'üåûüåûüåûüëçüëçüëç',
 'Thank you WinterGaming for introducing me to this awesome song <3',
 'Veela <3',
 "Guys I'm going to comment in 2017 and come back the year 2020",
 '2014',
 '"I can\'t believe it Jim, how did you know where to find me...she once was a villain and it\'s hiding in her soul" gets me every time. <3',
 'I THINK I LIKE THIS MUSIC..... LIQUID-MIND - I NAMED MYSELF LIQUIDMIND AFTER I LISTENED TO LIQUID SKY JUNGLE IN 1997',
 'what type of music would you call this? bc I love this',
 'ah shit I just realized this song is about starcraft...',
 "I think I might re-write the lyrics for this for a Warframe song. Too bad I can't sing to save my life >_>;",
 'need a 1 hour version :/',
 'Levodan Gelenler +1',
 'AAAAAAAAAAAAAAAAAAAAAAAAAAAAAAAAAAAAAAAAAAAAAA S2',
 'Whos here in 2017?',
 'Copyrigth or no ?',
 'Levo ve d√ºnyanƒ±n en iyi ≈üarkƒ±sƒ±',
 "Someone tell me I'm not the only guy who likes these types of songs",
 'Good',
 'LEVO NUN ≈ûARKISI BU :) VALLA AQ',
 "This is my new favorite song. It's soooo goodüòã",
 'Soy el √∫nico que habla espa√±ol aqu√≠ :v?',
 'Damn near 2018 and this still revives thoughts of the best time of my life.',
 '2017 Woop Woop',
 'nice song XD',
 '2k17 Song is goood',
 'Hearing Maduk drop this at Rampage 2015 made the track sound way different (and better!)',
 "1:27 - 1:42 that parts reminds me Bakugan somehow. I don't know why.",
 '1:27 that part reminds me Bakugan.',
 'LEVODAN GELENLER +1',
 'No puedo dejas de oirla',
 'üíúüíúüòç',
 'Veela was the reason why began listening dnb and her songs are still my favourite ones',
 'GOD TIER LEVO',
 'Veela? Always auto like!',
 'BEST SONG',
 'Starcraft :D',
 'Who listen in 2017',
 'Whole in her Heart, feeling like a Lady. ‚ô°',
 'Reading these comment I feel so late i just found this recently so lame',
 'Reminds me of an Aria song.',
 'Senin koca dickini yesinler LEVO!',
 'levodan gelenler???',
 'o√ß levo(≈üaka ≈üaka :D)',
 'Levodan gelenler ?',
 'Levodan Gelenler  Burda mƒ±?',
 'Levo <3',
 'LEVODAN GELENLER :D',
 'levodan gelenler',
 'Levo <3',
 'Levodan gelenler sa',
 'levodan sa',
 '%?',
 'Funny thing is when this song came out I added it to fav playlist, but Veela featured on so much better tracks (for me) that time I always was not sure if keep it or delete this one from favs. Today I check most popular liquicity clips and here it is top beating netsky!! Wow.',
 'Is there a karaoke version of this?',
 'I feel something dark in me, she says. I say, look behind you.',
 'the ecos in the song are just...',
 'sexxxxxxxxxxxxxxxxxxx',
 'Holy fuck I remember when this came out.... so long ago',
 'Who still is listening in 2k17 ? :D',
 'Veela has a very sweet voice <3 and the music is also amazing',
 'LIQUID DRUM & BASS IS LIFE',
 'Tribute to starcraft kerrigan.',
 'ÌïúÍ∏ÄÍ∞ÄÏÇ¨Í∞Ä ÌïÑÏöîÌïòÎã§..',
 'Ahh good old Starcraft 2 related song, Kerrigan ..... :(',
 "I've associated this song to so many good moments. Rollback is just impossible. Will love this song every time.",
 '<3 1:49',
 'Anyone know any other songs that are just like this?',
 'A song finally dedicated to Starcraft\n"Hell, it\'s about time"',
 'yeaaaa i remember it all when my kiifak brokkarna',
 'This song is so underrated',
 'My favorite song',
 '0:43 and 1:52',
 'how do you call this music genre?',
 'brasil alguem ?',
 'hey commander can you unplug me?',
 'Jesus it blasts really loud',
 'wtf how this music is so old ?',
 'Stare dobre czasy klock√≥w üíñ',
 '–ê–≤—Ç–æ—Ä–∞ –ø–ª–µ–∑',
 'Still listening in 2017 <3',
 'This is so nice ce son me fait un effet chelou dam',
 'Ghost in the Shell maybe? Hard comparison',
 'as if this is 5 years old, jesus',
 '–°–ª–∞–≤–∞ –£–∫—Ä–∞—ó–Ω—ñ',
 '2017. Still fuc*ing good <3',
 'the liquicity anthem <3',
 'some of the lyrics written in the coments arent correct',
 'vai toma no cu essa musica e muito boa',
 'Lol the first time\xa0I heard this song I\xa0never thought it would have anything to do with Starcraft. Great song. Also given that I am a SC fan makes it even more awesome.',
 'Does some1 know a similar song i dont know the lyrics exactly but it just reminds me of this song!! maybe some1 can help me ^^',
 'BR 2017',
 'love it',
 'Amazing work',
 'yoda',
 'Best year was *2012*\nThere are much more to be best too!!',
 'I KNOW Right',
 'IM ADDID',
 'zedmain',
 '66 966 likes!',
 "its taken me 5 years to realise this is just 'hourglass' by maduk with lyrics :D",
 'Ghost In The Shell ... During the whole movie I couldnt get this song out of my head :D',
 'new fav song‚ô•',
 'Perfect Parkour Music!',
 'best song',
 'VIP Mix > this',
 'Wat',
 'oooooooooooh smoot, just like that',
 'Anyone else here from stuxitv',
 'omg ;-;',
 'best song',
 'STARCRAFT REMASTERED',
 'But honestly there was no bass in this drum and bass music',
 'Music is the reason.',
 "I listen to this when I do parkour and it's perfect üëå",
 ':D',
 'been listening to this since 2014',
 "came here by a 'liquiticitizen' or fucking whatever",
 'classic.',
 "Crazy been listening to this song since it came out ,But had no clue it was from the game Starcraft...And my children's father is named Jim..our relationship  reminds me of the game,lol",
 'Love the lyrics.',
 '0:43 2017 still dropping <3',
 'Like',
 'nice.',
 'BRASIL',
 'this song just made me watch a 2 hour vid about the story of Sarah kirregan lol...I have no life üê∏',
 '"I cant put my condom" 1:17',
 "It's been 5 years already and I'm still in love with this song!",
 'Oops just got an Eargasim',
 'so I was listening to bloodlip and towards the end of the track I wanted to listen to this and completely forgot it was the same artist. guess I like the music they make.',
 "Okay so I am 99% sure about this, but just so that I don't run into any complications later, can I use this song for one of my monetized videos by attributing her in description? Like Creative Commons. (Which I was expecting to be mentioned in the description).",
 'memories :C',
 "This is Kerrigan. We've neutralized the Protoss but there is a wave of Zerg advancing on this position. We need immediate evac...",
 'God this is over 5 years old now?, geez. Time passes fast :/',
 'Parkour! *_GO!   :D_*',
 'playlist do Yoda topper üëåüòÇ',
 'Osu!',
 'this song is actually too good',
 'parkour brought me here ....like if you saw that videoüòÇüòÖüëåüëå',
 'Who is from parkour video xD',
 'my song favorite xD .. :3',
 'Nova here.',
 '2012+DNB=<3',
 'Reminds me off good times',
 'Running down the street',
 'hi is this song copyrighted or can I use it',
 "Song with a videogame reference that doesn't suck...carried out in perfection..I'm more of a Veela fan than a Starcraft fan but damn, Kerrigan wouldn't object to this...",
 "Who's here in 2019 ?? :D",
 'Took me so fucking long to find this song again.',
 'thou thousand fucking twelve',
 'Thahts dope',
 'Still loving this Song! 5 Years now. \nHope to see more good Songs here, Liquicity back to the Roots pls!',
 'anyobody has an hd link for the wallpaper from the video?',
 'Avatar in a nutshell.',
 "I remember doing homework to this song during my senior year of high school, now I'm in college and even now I can still sit down to this song for 2+ hours while I do homework",
 'is this song about ghost in the shell?',
 'lol he should have used a de esser on the vocals rip ears',
 'I will never forgetti the HD,DT FC',
 'Am i the only one that getd reminded of Ghost In The Shell?',
 "Well i'm gonna do like everybody here, beeeh I miss the Warcraft 3 days",
 'I made you into monster Kerrigan!',
 '#StuntAmazing <3',
 'what her reffers when said "i cant belive it jim, how did you know where to find me"? its anime?',
 'omg love love love this song <3. 1:49-2:32 is amazing',
 'shroudddddddd',
 'TTHHISS <3',
 'who came here from best parkour flips and free running',
 'holy shit nostalgia',
 'Being wanting to hear this song for almost 3 years but not remembering enough lyrics to search it up. Such a great feeing',
 "My ears bless my Kraken 7.1 Chroma. *:')*",
 'I listent o alot o dnb and honeslty I havnt found one that has topped this song yet!! espically the best when when its played at hospitality or liquicity events !!!',
 'the air was so dusty her armour was getting rusty.... 2017 and i still listen to it.\nIf you guys listen it too -  Like the comment =)',
 'Biba <3',
 'anyone else feel like this song sort of relates to widow maker?',
 'Something DANK inside me',
 'could I use this in my video?',
 '2k17 jaaaaa',
 'Ddduuudddeee this song is sick',
 'oh maduk... lets make some d&b kids',
 'HIIIIIIIIIIIII SOLADO MALUCO',
 'Oh how I miss the glory days of Starcraft 2 :/',
 '—É –º–µ–Ω—è –Ω–µ—Ç —Å–ª–æ–≤  —Å—É–ø–µ—Ä   liquicity',
 'Iz',
 'who came here from searching ghost assassin maduk',
 'please suggest anymore songs like this....',
 'Veela I love the way you sound.',
 'Osu! <3',
 "Almost 5 years old, but hasn't aged a day!",
 'So fun to pen tap too.',
 'Can somebody tell me what this song is all about? Seems to me like there is a background story i dont know about',
 'I used to love this song when it came out, but I became sick of it because I listened to it too much. I even deleted it off my phone. Recently, after 4 years of not listening to this, I scroll through YT and come across this video. I got all nostalgic and a wave of memories of me watching the night sky and listening to this track came to mind. I really love it now.',
 'The old CoD days... I will never forget them ‚ù§Ô∏è',
 'this is honestly the best song ive ever heard in my entire life',
 'me too im freerunnung',
 'a colorful intro blender brought me here',
 'I LOVE THIS SONG üòç üòç üòç',
 'Exelente :o',
 'Is this on newgrounds?',
 'nostalgia rush',
 'safe house!!!',
 "I listened to this music 2 years ago and it's still awsome",
 'osu',
 'HIIIIIIIIIIIIIIIIIIIIIIIIII',
 'Yoda doente',
 'Something dark inside of me...\nDark familiarity.',
 'CooL!',
 '1:53 "and I love Cthulhu""  :OOOO',
 'Wanna here a joke?\n\n\n\nRead more',
 'Epic!',
 'Can I used this song in my videos plz?????????',
 'who always thinks iduel2010  from this üòâ',
 '#nostalgia',
 'so good.',
 'VEELA <3!',
 'Magic truffles',
 'holy shit this bitch needs to make up her mind. "Thats not who I am, atleast thats what I thought, now im second guessing" holy fuck',
 'nice nice brooo fitness musik bam bam bam',
 "oh damn i'm having starcraft 2 flashbacks",
 'This songs the best to have a bong',
 'who love me üò¢',
 "Her voice is so beautiful!!! I'm wondering if she is beautiful :D",
 'So sad SC: Ghost never got released....  </3',
 'Are there any more fan tracks written about starcraft?',
 'Missing Highschool ATM where i played SC on Battle.net for hours and hours on end. #ModemProblems #GrowingOld #lol',
 "I'm just gonna come out and say it, I've never played Starcraft",
 '‚ù§‚ù§',
 'U HACK SLOGOMAN!',
 'you are a f***ING hacker ctrll',
 'ima li bg fenove na tozi vid muzika? is there bulgarian fans of this kind music?',
 'i like this song mostly in osu <3',
 'Leafy ;)',
 'i needed these memberberries',
 'Muito bom!!!',
 'mw3 days. i miss it',
 'smoke one and listen to this magic',
 'Freerunning',
 "It's a parkour song",
 '2.10 beautiful',
 'Osu! anyone...?',
 '–¥–∞–ª –µ–π—Å —Å –∞–≤–ø –ø–æ–¥ –µ—Ç—É –ø–µ—Å–Ω—é',
 '<Stupid Question>\nIs this song Copyrighted?',
 'Much love #Veela and #Maduk.',
 'is this song about a sex slave?',
 'this is the best liquid drum and bass song.',
 'u',
 'u',
 '420 gaming',
 '420 gaming',
 'Starcraft is hella awesome :) And Veela + Maduk too :D',
 'I came here because I like the song.',
 'THIS IS AWESOME IN 7.1 SURROUND SOUND!!!!!',
 'Almost thought it was Matduke',
 "What's this genre called? I really like the silence and chill.",
 'great for parkour\n:D',
 '"Something dark inside mee" - A BBC :O',
 'nice for parkour song ^_^',
 'This shit is ill nasty',
 'old but gold',
 'StarCraft song!',
 'br porra',
 'ohhh yes GOOD!',
 'music no copyright  ?',
 '....................................',
 "I'm listening this in 2016",
 'focus the middle of the screen. the sky will start to move. like if your mind playin a game  with you too.',
 'copyright free?',
 "Who's listening in 2017?",
 'xd troll',
 'aweome',
 'cool',
 'who came here becouse zaldar:s intro ?',
 "go to fullscreen and type 'aweome'. Seriously just do it its an easteregg i think.",
 'Elle est enorme !',
 'osu !',
 'Amazing !! ‚ù§Ô∏è',
 'Pozdr Over',
 "who's here from CR1M5ON",
 'CARALHO QUE MUSICA BOAAAAAAAAAAAAAAA',
 'Brandon L. did it again :^)',
 'iduel?',
 'Who came here from awkward gameing?',
 'Thank you reckful Kappa',
 'shkira',
 'Who came here from JGPGames channel?',
 'still a better lovestory than twilight',
 'Sye Increvam-se Subscribe',
 'Reminds me of old roblox, especially from 2009-2012\nI joined in 2010\nRIP Old Roblox 2004-2012\nThe community will never be the same. ;(',
 '+Qlout just listening to this version',
 'thes racing song',
 'Metin 2 :D exp :D',
 'Anyone from osu! here? :D',
 'I wish i had friends that lisen to these types of music... >///< life sucks',
 'MW2 Old Days ‚òπÔ∏èüíî',
 'I love the quirky Veela lyrics.',
 'Kto od Adriana?\n:)',
 '2 ez for Brandon L.',
 'Devil women',
 'You guys wanna know who is the best person in the world?\n\n\n\n.\n\n\n\n\n Look at the first word :) have a nice day!',
 'SHROUD <3',
 'shroud <3',
 'Here from shroud',
 'I LOVE YOU GOSUUUU',
 'almost forgot about this.. almost',
 'CoD Community',
 'Es la canci√≥n del intro de mi canal :3\nHay alguien que hable espa√±ol?',
 '‚îÄ‚îÄ‚îÄ‚îÄ‚îÄ‚îÄ‚îÄ‚îÄ‚îÄ‚îÄ‚îÄ‚îÄ‚îÄ‚îÄ‚îÄ‚îÄ‚îÄ‚îÄ‚îÄ‚îÄ‚îÄ‚îÄ‚îÄ‚îÄ‚îÄ‚ñÑ‚ñÄ‚ñÑ  \n‚îÄ‚îÄ‚îÄ‚îÄ‚îÄ‚îÄ‚îÄ‚îÄ‚îÄ‚îÄ‚îÄ‚îÄ‚îÄ‚îÄ‚îÄ‚îÄ‚îÄ‚îÄ‚îÄ‚îÄ‚îÄ‚îÄ‚îÄ‚îÄ‚îÄ‚ñà‚îÄ‚ñà  \n‚îÄ‚îÄ‚îÄ‚îÄ‚îÄ‚îÄ‚îÄ‚îÄ‚îÄ‚îÄ‚îÄ‚îÄ‚îÄ‚îÄ‚îÄ‚îÄ‚îÄ‚îÄ‚îÄ‚îÄ‚îÄ‚îÄ‚îÄ‚îÄ‚îÄ‚ñà‚îÄ‚ñà  \n‚îÄ‚îÄ‚îÄ‚îÄ‚îÄ‚îÄ‚îÄ‚îÄ‚îÄ‚îÄ‚îÄ‚îÄ‚îÄ‚îÄ‚îÄ‚îÄ‚îÄ‚îÄ‚îÄ‚îÄ‚îÄ‚îÄ‚îÄ‚îÄ‚îÄ‚ñà‚îÄ‚ñà  \n‚îÄ‚îÄ‚îÄ‚îÄ‚îÄ‚îÄ‚îÄ‚îÄ‚îÄ‚îÄ‚îÄ‚îÄ‚îÄ‚îÄ‚îÄ‚îÄ‚îÄ‚îÄ‚îÄ‚îÄ‚îÄ‚îÄ‚îÄ‚îÄ‚îÄ‚ñà‚îÄ‚ñà  \n‚îÄ‚îÄ‚îÄ‚îÄ‚îÄ‚îÄ‚îÄ‚îÄ‚îÄ‚îÄ‚îÄ‚îÄ‚îÄ‚îÄ‚îÄ‚îÄ‚îÄ‚îÄ‚îÄ‚îÄ‚îÄ‚îÄ‚îÄ‚îÄ‚îÄ‚ñà‚îÄ‚ñà  \n‚îÄ‚îÄ‚îÄ‚îÄ‚îÄ‚îÄ‚îÄ‚îÄ‚îÄ‚îÄ‚îÄ‚îÄ‚îÄ‚îÄ‚îÄ‚îÄ‚îÄ‚îÄ‚îÄ‚îÄ‚îÄ‚îÄ‚îÄ‚îÄ‚îÄ‚ñà‚îÄ‚ñÄ‚ñà‚ñÄ‚ñà‚ñÑ  \n‚îÄ‚îÄ‚îÄ‚îÄ‚îÄ‚îÄ‚îÄ‚îÄ‚îÄ‚îÄ‚îÄ‚îÄ‚îÄ‚îÄ‚îÄ‚îÄ‚îÄ‚îÄ‚îÄ‚îÄ‚îÄ‚îÄ‚îÄ‚îÄ‚îÄ‚ñà‚îÄ‚îÄ‚ñà‚îÄ‚îÄ‚ñà  \n‚îÄ‚îÄ‚îÄ‚îÄ‚îÄ‚îÄ‚îÄ‚îÄ‚îÄ‚îÄ‚îÄ‚îÄ‚îÄ‚îÄ‚îÄ‚îÄ‚îÄ‚îÄ‚îÄ‚îÄ‚îÄ‚îÄ‚îÄ‚îÄ‚îÄ‚ñà‚ñÑ‚ñÑ‚ñà‚îÄ‚îÄ‚ñÄ‚ñà  \n‚îÄ‚îÄ‚îÄ‚îÄ‚îÄ‚îÄ‚îÄ‚îÄ‚îÄ‚îÄ‚îÄ‚îÄ‚îÄ‚îÄ‚îÄ‚îÄ‚îÄ‚îÄ‚îÄ‚îÄ‚îÄ‚îÄ‚îÄ‚îÄ‚ñÑ‚ñà‚îÄ‚îÄ‚ñÑ‚ñà‚ñÑ‚îÄ‚ñÄ‚ñà  \n‚îÄ‚îÄ‚îÄ‚îÄ‚îÄ‚îÄ‚îÄ‚îÄ‚îÄ‚îÄ‚îÄ‚îÄ‚îÄ‚îÄ‚îÄ‚îÄ‚îÄ‚îÄ‚îÄ‚îÄ‚îÄ‚îÄ‚îÄ‚îÄ‚ñà‚îÄ‚ñÑ‚ñà‚îÄ‚ñà‚îÄ‚ñà‚îÄ‚ñà  \n‚îÄ‚îÄ‚îÄ‚îÄ‚îÄ‚îÄ‚îÄ‚îÄ‚îÄ‚îÄ‚îÄ‚îÄ‚îÄ‚îÄ‚îÄ‚îÄ‚îÄ‚îÄ‚îÄ‚îÄ‚îÄ‚îÄ‚îÄ‚îÄ‚ñà‚îÄ‚îÄ‚ñà‚îÄ‚ñà‚îÄ‚ñà‚îÄ‚ñà  \n‚îÄ‚îÄ‚îÄ‚îÄ‚îÄ‚îÄ‚îÄ‚îÄ‚îÄ‚îÄ‚îÄ‚îÄ‚îÄ‚îÄ‚îÄ‚îÄ‚îÄ‚îÄ‚îÄ‚îÄ‚îÄ‚îÄ‚îÄ‚îÄ‚ñà‚îÄ‚îÄ‚ñà‚îÄ‚ñà‚îÄ‚ñà‚îÄ‚ñà  \n‚îÄ‚îÄ‚îÄ‚îÄ‚ñÑ‚ñà‚ñÑ‚îÄ‚îÄ‚ñÑ‚ñà‚ñÑ‚îÄ‚îÄ‚îÄ‚îÄ‚îÄ‚îÄ‚îÄ‚îÄ‚îÄ‚îÄ‚îÄ‚îÄ‚ñà‚îÄ‚îÄ‚ñÄ‚ñÄ‚ñà‚îÄ‚ñà‚îÄ‚ñà  \n‚îÄ‚îÄ‚ñÑ‚ñà‚ñà‚ñà‚ñà‚ñà‚ñà‚ñà‚ñà‚ñà‚îÄ‚îÄ‚îÄ‚îÄ‚îÄ‚îÄ‚îÄ‚îÄ‚îÄ‚îÄ‚îÄ‚îÄ‚ñÄ‚ñà‚îÄ‚îÄ‚îÄ‚ñà‚îÄ‚ñà‚ñÑ‚ñÄ  \n‚îÄ‚ñÑ‚ñà‚ñà‚ñà‚ñà‚ñà‚ñà‚ñà‚ñà‚ñà‚ñà‚ñà‚îÄ‚îÄ‚îÄ‚îÄ‚îÄ‚îÄ‚îÄ‚îÄ‚îÄ‚îÄ‚îÄ‚îÄ‚ñà‚ñà‚îÄ‚îÄ‚ñÄ‚ñÄ‚îÄ‚ñà  \n‚ñÑ‚ñà‚ñà‚ñà‚ñà‚ñà‚ñà‚ñà‚ñà‚ñà‚ñà‚ñà‚ñà‚ñà‚îÄ‚îÄ‚îÄ‚îÄ‚îÄ‚îÄ‚îÄ‚îÄ‚îÄ‚îÄ‚îÄ‚îÄ‚ñà‚îÄ‚îÄ‚îÄ‚îÄ‚îÄ‚ñà  \n‚ñà‚ñà‚ñà‚ñà‚ñà‚ñà‚ñà‚ñà‚ñà‚ñà‚îÄ‚îÄ‚îÄ‚ñÄ‚ñÄ‚ñà‚ñÑ‚îÄ‚îÄ‚îÄ‚îÄ‚îÄ‚îÄ‚îÄ‚îÄ‚îÄ‚ñÄ‚ñà‚îÄ‚îÄ‚îÄ‚îÄ‚ñà  \n‚ñà‚ñà‚ñà‚ñà‚ñà‚ñà‚ñà‚ñà‚îÄ‚îÄ‚îÄ‚ñÄ‚ñÄ‚ñÄ‚îÄ‚îÄ‚ñà‚îÄ‚îÄ‚îÄ‚îÄ‚îÄ‚îÄ‚îÄ‚îÄ‚îÄ‚îÄ‚ñà‚îÄ‚îÄ‚îÄ‚îÄ‚ñà  \n‚ñà‚ñà‚ñà‚ñà‚ñà‚ñà‚îÄ‚îÄ‚îÄ‚îÄ‚îÄ‚îÄ‚îÄ‚ñà‚ñà‚îÄ‚ñÄ‚ñà‚îÄ‚îÄ‚îÄ‚îÄ‚îÄ‚îÄ‚îÄ‚îÄ‚îÄ‚ñà‚îÄ‚îÄ‚îÄ‚îÄ‚ñà  \n‚ñà‚ñà‚ñà‚ñà‚îÄ‚îÄ‚ñÑ‚îÄ‚îÄ‚îÄ‚îÄ‚îÄ‚îÄ‚îÄ‚îÄ‚îÄ‚îÄ‚ñÄ‚ñà‚îÄ‚îÄ‚îÄ‚îÄ‚îÄ‚îÄ‚îÄ‚îÄ‚ñà‚îÄ‚îÄ‚îÄ‚îÄ‚ñà Vai toma no cu :V\n‚ñà‚ñà‚ñà‚îÄ‚îÄ‚ñà‚îÄ‚îÄ‚îÄ‚îÄ‚îÄ‚îÄ‚ñÄ‚ñÄ‚ñà‚îÄ‚îÄ‚îÄ‚ñÄ‚ñà‚îÄ‚îÄ‚îÄ‚îÄ‚îÄ‚îÄ‚îÄ‚ñà‚îÄ‚îÄ‚îÄ‚îÄ‚ñà \n‚ñà‚ñà‚ñà‚îÄ‚ñÄ‚îÄ‚ñà‚ñà‚îÄ‚îÄ‚îÄ‚îÄ‚îÄ‚îÄ‚ñà‚îÄ‚îÄ‚îÄ‚îÄ‚ñÄ‚ñà‚îÄ‚îÄ‚îÄ‚îÄ‚îÄ‚îÄ‚ñà‚îÄ‚îÄ‚îÄ‚îÄ‚ñà  \n‚ñà‚ñà‚ñà‚îÄ‚îÄ‚îÄ‚îÄ‚îÄ‚îÄ‚îÄ‚îÄ‚îÄ‚îÄ‚îÄ‚îÄ‚îÄ‚îÄ‚îÄ‚îÄ‚îÄ‚ñÄ‚ñà‚îÄ‚îÄ‚îÄ‚îÄ‚îÄ‚ñà‚îÄ‚îÄ‚îÄ‚îÄ‚ñà  \n‚ñà‚ñà‚ñà‚îÄ‚îÄ‚îÄ‚îÄ‚îÄ‚îÄ‚îÄ‚îÄ‚îÄ‚îÄ‚îÄ‚îÄ‚îÄ‚îÄ‚îÄ‚îÄ‚îÄ‚îÄ‚ñà‚îÄ‚îÄ‚îÄ‚îÄ‚îÄ‚ñà‚îÄ‚îÄ‚îÄ‚îÄ‚ñà  \n‚ñà‚ñà‚ñà‚îÄ‚îÄ‚îÄ‚îÄ‚îÄ‚îÄ‚îÄ‚îÄ‚îÄ‚îÄ‚îÄ‚îÄ‚îÄ‚ñÑ‚ñÄ‚îÄ‚îÄ‚îÄ‚ñà‚îÄ‚îÄ‚îÄ‚îÄ‚îÄ‚ñà‚îÄ‚îÄ‚îÄ‚îÄ‚ñà  \n‚ñà‚ñà‚ñà‚ñà‚îÄ‚îÄ‚îÄ‚îÄ‚îÄ‚îÄ‚îÄ‚îÄ‚îÄ‚ñÑ‚ñÑ‚ñà‚ñà‚îÄ‚îÄ‚îÄ‚îÄ‚ñà‚ñÑ‚îÄ‚îÄ‚îÄ‚îÄ‚ñà‚îÄ‚îÄ‚îÄ‚îÄ‚ñà  \n‚ñà‚ñà‚ñà‚ñà‚îÄ‚îÄ‚îÄ‚îÄ‚îÄ‚îÄ‚îÄ‚îÄ‚ñà‚ñà‚ñà‚ñà‚ñà‚ñà‚îÄ‚îÄ‚îÄ‚îÄ‚ñà‚îÄ‚îÄ‚îÄ‚îÄ‚ñà‚îÄ‚îÄ‚îÄ‚îÄ‚ñà  \n‚ñà‚ñà‚ñà‚ñà‚ñà‚îÄ‚îÄ‚îÄ‚îÄ‚ñà‚îÄ‚îÄ‚ñà‚ñà‚ñà‚ñà‚ñà‚ñà‚ñà‚ñÄ‚îÄ‚îÄ‚ñà‚îÄ‚îÄ‚îÄ‚ñÑ‚ñà‚ñÑ‚ñÑ‚ñÑ‚ñÑ‚ñà  \n‚ñà‚ñà‚ñÄ‚ñÄ‚ñà‚ñà‚îÄ‚îÄ‚îÄ‚îÄ‚ñÄ‚îÄ‚ñà‚ñà‚ñÑ‚îÄ‚îÄ‚ñÑ‚ñà‚îÄ‚îÄ‚îÄ‚ñà‚îÄ‚îÄ‚îÄ‚ñà‚îÄ‚îÄ‚îÄ‚îÄ‚îÄ‚ñà  \n‚ñà‚ñà‚ñÑ‚îÄ‚îÄ‚îÄ‚îÄ‚îÄ‚îÄ‚îÄ‚îÄ‚îÄ‚îÄ‚ñà‚ñà‚ñà‚ñà‚ñà‚ñà‚îÄ‚îÄ‚îÄ‚ñà‚îÄ‚îÄ‚îÄ‚ñà‚îÄ‚îÄ‚îÄ‚îÄ‚îÄ‚ñà  \n‚îÄ‚ñà‚ñà‚ñÑ‚îÄ‚îÄ‚îÄ‚îÄ‚îÄ‚îÄ‚îÄ‚îÄ‚îÄ‚îÄ‚îÄ‚îÄ‚ñÑ‚ñÑ‚îÄ‚îÄ‚îÄ‚îÄ‚ñà‚îÄ‚îÄ‚îÄ‚ñà‚îÄ‚îÄ‚îÄ‚îÄ‚îÄ‚ñà  \n‚îÄ‚ñà‚ñà‚ñà‚ñà‚ñà‚ñà‚ñà‚îÄ‚îÄ‚îÄ‚îÄ‚îÄ‚îÄ‚îÄ‚îÄ‚îÄ‚îÄ‚îÄ‚îÄ‚îÄ‚ñÑ‚ñà‚îÄ‚îÄ‚îÄ‚ñà‚îÄ‚îÄ‚îÄ‚îÄ‚îÄ‚ñà  \n‚îÄ‚îÄ‚ñà‚ñà‚ñà‚ñà‚ñà‚ñà‚îÄ‚îÄ‚îÄ‚îÄ‚îÄ‚îÄ‚îÄ‚îÄ‚îÄ‚îÄ‚îÄ‚îÄ‚îÄ‚ñà‚îÄ‚îÄ‚îÄ‚ñà‚ñÄ‚îÄ‚îÄ‚îÄ‚îÄ‚îÄ‚ñà  \n‚îÄ‚îÄ‚ñÑ‚ñà‚ñà‚ñà‚ñà‚ñà‚ñà‚ñà‚ñÑ‚îÄ‚îÄ‚îÄ‚îÄ‚îÄ‚îÄ‚îÄ‚îÄ‚îÄ‚ñÑ‚ñà‚îÄ‚îÄ‚ñà‚ñÄ‚îÄ‚îÄ‚îÄ‚îÄ‚îÄ‚îÄ‚ñà  \n‚îÄ‚ñÑ‚ñà‚îÄ‚îÄ‚îÄ‚îÄ‚îÄ‚ñÑ‚ñÄ‚ñÄ‚ñÄ‚ñà‚îÄ‚îÄ‚îÄ‚îÄ‚îÄ‚îÄ‚îÄ‚ñà‚îÄ‚îÄ‚îÄ‚ñà‚îÄ‚îÄ‚îÄ‚îÄ‚îÄ‚îÄ‚îÄ‚ñà  \n‚ñÑ‚ñà‚îÄ‚îÄ‚îÄ‚îÄ‚îÄ‚îÄ‚îÄ‚îÄ‚ñà‚îÄ‚îÄ‚ñà‚îÄ‚îÄ‚îÄ‚îÄ‚ñÑ‚ñà‚ñà‚ñà‚ñÄ‚ñÄ‚ñÄ‚ñÄ‚îÄ‚îÄ‚îÄ‚îÄ‚îÄ‚îÄ‚ñà  \n‚ñà‚îÄ‚îÄ‚ñÑ‚ñÄ‚ñÄ‚îÄ‚îÄ‚îÄ‚îÄ‚îÄ‚îÄ‚îÄ‚îÄ‚ñà‚îÄ‚îÄ‚ñÑ‚ñÄ‚îÄ‚îÄ‚ñà‚îÄ‚îÄ‚îÄ‚îÄ‚îÄ‚îÄ‚îÄ‚îÄ‚îÄ‚îÄ‚ñà  \n‚ñà‚îÄ‚îÄ‚îÄ‚îÄ‚ñà‚îÄ‚îÄ‚îÄ‚îÄ‚îÄ‚îÄ‚îÄ‚îÄ‚îÄ‚ñà‚îÄ‚îÄ‚îÄ‚îÄ‚îÄ‚ñà‚îÄ‚îÄ‚îÄ‚îÄ‚îÄ‚îÄ‚îÄ‚îÄ‚îÄ‚îÄ‚ñà  \n‚ñà‚îÄ‚îÄ‚îÄ‚îÄ‚îÄ‚îÄ‚îÄ‚îÄ‚ñÄ‚ñà‚îÄ‚îÄ‚îÄ‚îÄ‚ñà‚îÄ‚îÄ‚îÄ‚îÄ‚îÄ‚ñà‚îÄ‚îÄ‚îÄ‚îÄ‚îÄ‚îÄ‚îÄ‚îÄ‚îÄ‚ñà‚ñà  \n‚ñà‚îÄ‚îÄ‚îÄ‚îÄ‚îÄ‚îÄ‚îÄ‚îÄ‚îÄ‚îÄ‚îÄ‚îÄ‚îÄ‚îÄ‚îÄ‚ñà‚îÄ‚îÄ‚ñÑ‚ñà‚ñÄ‚îÄ‚îÄ‚îÄ‚îÄ‚îÄ‚îÄ‚îÄ‚îÄ‚îÄ‚ñà  \n‚ñà‚îÄ‚îÄ‚îÄ‚îÄ‚îÄ‚îÄ‚îÄ‚îÄ‚îÄ‚îÄ‚ñà‚ñà‚îÄ‚îÄ‚îÄ‚ñà‚ñÄ‚ñÄ‚ñÄ‚îÄ‚îÄ‚îÄ‚îÄ‚îÄ‚îÄ‚îÄ‚îÄ‚îÄ‚îÄ‚îÄ‚ñà  \n‚ñà‚îÄ‚îÄ‚îÄ‚îÄ‚îÄ‚îÄ‚îÄ‚îÄ‚îÄ‚îÄ‚îÄ‚îÄ‚îÄ‚îÄ‚îÄ‚ñà‚îÄ‚îÄ‚îÄ‚îÄ‚îÄ‚îÄ‚îÄ‚îÄ‚îÄ‚îÄ‚îÄ‚îÄ‚îÄ‚îÄ‚ñà  \n‚ñà‚ñÑ‚îÄ‚îÄ‚îÄ‚îÄ‚îÄ‚îÄ‚îÄ‚îÄ‚îÄ‚îÄ‚îÄ‚îÄ‚îÄ‚ñà‚ñà‚îÄ‚îÄ‚îÄ‚îÄ‚îÄ‚îÄ‚îÄ‚îÄ‚îÄ‚îÄ‚îÄ‚îÄ‚îÄ‚îÄ‚ñà  \n‚îÄ‚ñà‚ñÑ‚îÄ‚îÄ‚îÄ‚îÄ‚îÄ‚îÄ‚îÄ‚îÄ‚îÄ‚îÄ‚îÄ‚îÄ‚ñà‚îÄ‚îÄ‚îÄ‚îÄ‚îÄ‚îÄ‚îÄ‚îÄ‚îÄ‚îÄ‚îÄ‚îÄ‚îÄ‚îÄ‚îÄ‚ñà  \n‚îÄ‚îÄ‚ñà‚ñà‚ñÑ‚îÄ‚îÄ‚îÄ‚îÄ‚îÄ‚îÄ‚îÄ‚îÄ‚ñÑ‚ñà‚ñà‚ñà‚ñÄ‚ñÄ‚ñÄ‚ñÄ‚ñÄ‚ñÑ‚îÄ‚îÄ‚îÄ‚îÄ‚îÄ‚îÄ‚îÄ‚îÄ‚ñà  \n‚îÄ‚ñà‚ñÄ‚îÄ‚ñÄ‚ñà‚ñÑ‚îÄ‚îÄ‚îÄ‚îÄ‚îÄ‚îÄ‚îÄ‚îÄ‚ñÄ‚ñà‚îÄ‚îÄ‚îÄ‚îÄ‚îÄ‚îÄ‚ñÄ‚ñÑ‚îÄ‚îÄ‚îÄ‚îÄ‚îÄ‚îÄ‚ñà  \n‚îÄ‚ñà‚îÄ‚îÄ‚îÄ‚îÄ‚ñÄ‚ñÄ‚ñÄ‚ñÄ‚ñÑ‚îÄ‚îÄ‚îÄ‚îÄ‚îÄ‚ñà‚îÄ‚îÄ‚îÄ‚îÄ‚îÄ‚îÄ‚îÄ‚îÄ‚ñÄ‚îÄ‚îÄ‚îÄ‚îÄ‚îÄ‚ñà',
 'Her voice is beautiful',
 'jooooo ‚ù§‚ù§‚ù§‚ù§',
 'good old days',
 'So this is a awesome song but sounds like they are singing about star craft almost.',
 'is this song about starcraft?',
 'I was looking this for a year goddaaam!!!',
 'SuperSaiyan',
 'Who is listening to it in 2009 ? :D',
 'anyone here from amazingstunts?:D',
 'Love this tbh',
 'anyone from awkward gaming?',
 'was sea lab used as a sample for this song?',
 'favorite song',
 'YODA PORRA EOQQ QUE EH BR VAMOS SUBIR OS LIKES',
 'Just came back to reminisce on a golden liquid dnb and it now has 5m views wow not surprised, best wake up song ever üëç',
 'ÏòÅÏñ¥ ÏâΩÌï†ÏÉàÌÄ¥Îì§',
 'Parkour <3',
 'so back in the days!',
 'great song men',
 '0:10 yes',
 'who is listening to this in 1492',
 'Ik what the "Hey commander, can you unplug me? Just for a minute, I need some privacy." means. It means they were doing the thing witch you all know, and she needed him to pull out if you know what I mean. And she needed to take a shit or something',
 'Venruki brought me here',
 'I got fucked so bad, can smbdy unfuck me?',
 'whos here from the og MW2 days?',
 'anybody came here from stuns amazing',
 'i came here from stuns amazing parkour',
 'can u put this in without copy right?',
 'awesome song kinda uniqe',
 'Reading all these comments of people claiming to play CoD and all these things while listening to this, how about listening to this while playing Starcraft? Sort of where this song originates...',
 'came from Zalzar. anyone else?',
 'I remember way back in 2012 when this song first came out. I listened to it for days while playing MW2.',
 '#biBa',
 'Always reminds me of the kinda-older flash game "morningstar"',
 'This sounds so rad in 1.5x speed!',
 'Best song ever!! :D',
 'sdds',
 "Where's all my Eletronic heads at?",
 '2k16 and still i feel the same emotions for this masterpiece',
 'Her voice sends chills over my body. Ugh, Veela, you voice is amazing‚ù§Ô∏è',
 'Hospitality 2016 Perth MADUK!',
 'sziget!!!!!!!!!!!!!!!!!!!!',
 'Is this song no copyright?',
 'Set the speed to 1.25 x.x ‚ô•',
 'this is really a very nice songüòÑ',
 'Brandon L ...?',
 'Raping the repeat button',
 'mw2 <3',
 'anyone came here cuz of osu?',
 '<3',
 "Epic win when, after a period of doing long distance and thereafter being reunited, my girlfriend started singing along the lyrics of this song when I played it in the car\nBonus: she sings fucking awesome\n\n(never listened to dnb before, met at Tomorrowland. She's from Brazil and I'm from Belgium. She's a keeper!)",
 'ill save you jimmmmm',
 'Good song.',
 'Kerrigan > All',
 '2016 Still AMAZING!',
 '2016, still listening',
 '5/20/2016 :D',
 'This song is so addictive, I need a rehab :/',
 "I like this song really, I hear it everytime when I am sad it's my little light shine of hope in this dark desert of sadness...",
 '‚ñ¨‚ñ¨‚ñ¨‚ñ¨‚ñ¨‚ñ¨‚ñ¨‚ñ¨‚ñ¨‚ñ¨‡Æú€©€û€©‡Æú‚ñ¨‚ñ¨‚ñ¨‚ñ¨‚ñ¨‚ñ¨‚ñ¨‚ñ¨‚ñ¨‚ñ¨‚ñ¨‚ñ¨‚ñ¨‚ñ¨\n                                        Cancerous\n‚ñ¨‚ñ¨‚ñ¨‚ñ¨‚ñ¨‚ñ¨‚ñ¨‚ñ¨‚ñ¨‚ñ¨‡Æú€©€û€©‡Æú‚ñ¨‚ñ¨‚ñ¨‚ñ¨‚ñ¨‚ñ¨‚ñ¨‚ñ¨‚ñ¨‚ñ¨‚ñ¨‚ñ¨‚ñ¨‚ñ¨',
 'nevermore special video xD',
 'dota',
 'Beatng other players in a 1v5 fight with an assassian build',
 "Who's Still listening in 2016 :D?",
 'fÔæÜ„ÉΩ\n\u3000\u3000\u3000 |_||\n\u3000\u3000\u3000 |=\xa0 |\n\u3000\u3000\u3000 |_\xa0 |\n\u3000\u3000/‚åí|~ |‚åíi-„ÄÅ\n\u3000 /|\u3000|\u3000|\u3000| ÔΩú\n\u3000ÔΩú(\u3000(\u3000(\u3000(\u3000ÔΩú\n\u3000ÔΩú\u3000\u3000\u3000\u3000\u3000 ÔΩú\n\u3000 Ôºº\u3000\u3000\u3000\u3000\u3000/\n\u3000\u3000 Ôºº',
 'fÔæÜ„ÉΩ\n\u3000\u3000\u3000 |_||\n\u3000\u3000\u3000 |=\xa0 |\n\u3000\u3000\u3000 |_\xa0 |\n\u3000\u3000/‚åí|~ |‚åíi-„ÄÅ\n\u3000 /|\u3000|\u3000|\u3000| ÔΩú\n\u3000ÔΩú(\u3000(\u3000(\u3000(\u3000ÔΩú\n\u3000ÔΩú\u3000\u3000\u3000\u3000\u3000 ÔΩú\n\u3000 Ôºº\u3000\u3000\u3000\u3000\u3000/\n\u3000\u3000 Ôºº',
 'here because i wanted to enjoy this great piece of art!',
 'Lyrics:\n\n"Hey commander, can you unplug me? \nJust for a minute, I need some privacy." \nHeadset off and stretch her neck out \nDown the rocks to her head\'s safe house\n\n"Yeah, I remember it all \nLeave and shut out my calls," \nThe air was so dusty \nHer armour getting rusty \nShe found thoughts she\'d never had \nHer young ones were just as bad \nShe winced at her weapon \nAnd hold it to\n\nHole in her heart, feel like a lady \nFingers apart, cold, rugged and waiting \n"I can\'t believe it, Jim, how did you know where to find me? \nI kept the feelings in and really thought it had cost me.." \nDrops in her goggles aren\'t of love \nSomething\'s really wrong and it feels awful \nAnd even though her body\'s back to normal \nShe once was a villain and it\'s hiding in her soul\n\n"I don\'t want to know what \nShe did, she is not who I am \nAt least that\'s what I thought\n\nNow I\'m second guessing \nI can\'t put my gun down \nMy suit\'s getting heavy \nSomething wants to be released \nSomething dark inside me \nDark familiarity"\n\nShe open her eyes and watched the ruins \nAnd thought of her life and her love to lose \nShe shook out her lenses, they\'d want her back soon \nThe moments alone becoming scarce and few \nSure, she could fight, but she\'s getting visions \nDeeds that were unspeakable and personally did \nShe couldn\'t pose a threat to the Ghost like this \nHe rescued her once now it\'s her turn to save him\n\n\n"Yeah, I remember it all \nLeave and shut out my calls," \nThe air was so dusty \nHer armour getting rusty \nShe found thoughts she\'d never had \nHer young ones were just as bad \nShe winced at her weapon \n\n\n"I don\'t want to know what \nShe did, she is not who I am \nAt least that\'s what I thought\n\nNow I\'m second guessing \nI can\'t put my gun down \nMy suit\'s getting heavy \nSomething wants to be released \nSomething dark inside me \nDark familiarity"',
 'Tracks like this one made me grow to love electronical music. And still, absolutely breathtaking~',
 'Bi t√ºrk benmizim aranƒ±zda amk b√∂yle ≈üeyin',
 'mw2 trickshot montages.',
 'Ah...these songs, so simple, and make me nostalgic.... :-(',
 'I checked the description',
 'who else came here from zalzars channel because they liked the intro music',
 'may 2016 the 2nd',
 "Love this song it's soooo good.!!",
 'geil',
 '29/4/2016 still listening ;)\nYou ???',
 "LOOKING FOR AMBROSE\nI was writing with you on omegle in September 2013. You have probably \nforgotten me, but our convo on there has really followed me. Your name \nis Ambrose, and you live in Belgium, near Bruges. You showed me liquid \ndrums 'n' bass and this was one of the songs you linked me to. If you see \nthis, could you please reply to this, because I'd really want to know \nhow your life is going now. Thanks...",
 'BRANDON L. !',
 'Legendary',
 'Is this copyright ?',
 'Who came here from Osu?',
 "I'm here from zalzars new intro",
 "3:06 i can't put my condom",
 'Awesome song :D',
 'Fucking banger',
 '#MusiqueDintroDeLiXyL√©lMDR',
 "who's listening April 2016",
 "20k and still can't FC it :c",
 'Kerrigan <3',
 'Me encanto simplemente fantastico *_*',
 'She found thoughts she never had',
 '2017 :D Is love',
 'Glad ISS :)',
 '„Éë„É´„ÇØ„Éº„É´„Åã„Çâ„Åç„Åæ„Åó„Åü',
 'BEST GROUP EVER !!',
 'Hey, I usedd this song in my newest video, and I saw that you had claimed right to the song. I wonder if I can get the rights to use it in my video? I am not famous or anything, and I gave you, Maduk and Veela credits in the description! ^^\n\nThank you for reading this :)',
 'still 2027 and listening.',
 '9gaggers, where are you?',
 'Background song sounds dope',
 ':)',
 'this song is a bit sad but other then that is amazeing',
 'sound a gamer for gamer .. happy players of sc2',
 'http://lyricstranslate.com/tr/ghost-assassin-hayalet-suikast%C3%A7%C4%B1.html#ixzz44Dl3kP7D\n\nHayalet Suikast√ßƒ±\n\nHey komutanƒ±m, beni dinlermisiniz?\n\nSadece bir dakika i√ßin, gizliliƒüe ihtiyacƒ±m var.\n\nKulaklƒ±klƒ±ƒüƒ±nƒ± kapadƒ± ve boynunu gerdiriyor\n\nKayalardan a≈üaƒüƒ± in kafasƒ±nƒ± g√ºvende tutabilmek i√ßin.\n\nYeah, Hepsini hatƒ±rladƒ±m\n\n√áƒ±k ve aramalarƒ±mƒ± kapat,\n\nHava √ßok tozlu,\n\nZƒ±rhƒ±m paslanƒ±yor\n\nO hi√ß ya≈üamadƒ±ƒüƒ± d√º≈ü√ºncelerini buldu\n\nOnun gen√ßliƒüi kadar k√∂t√ºyd√ºler\n\nSilahƒ±ndan irkildi\n\nve ona tutundu\n\nKalbindeki bo≈ülukta, bir leydi gibi hissediyor\n\nParmaklarƒ± ayrƒ±, soƒüuk, saƒülam ve bekliyor\n\n"Buna inanamƒ±yorum, Jim, Beni nerede bulacaƒüƒ±nƒ± nasƒ±l bildin?\n\nBen hissettiklerimi i√ßimde tuttum ve ger√ßekten d√º≈ü√ºnm√º≈üt√ºm bunun bana mal olabileceƒüini.."\n\nG√∂zl√ºƒü√ºnden d√º≈üen damlalar a≈ük deƒüil\n\nBir≈üeyler ger√ßekten yanlƒ±≈ü ve bu korkun√ß hissettiriyor\n\nVe hatta onun bedeninin normale d√∂n√ºceƒüini bile d√º≈ü√ºnemedim\n\nO birkeresinde bir haindi ve bunu kendi ruhundan saklƒ±yor\n\nBilmek istemiyorum\n\nOnun ne yaptƒ±ƒüƒ±nƒ±, o benim olduƒüum ki≈üi deƒüil\n\nEn azƒ±ndan bu benim d√º≈ü√ºnd√ºƒü√ºmd√º\n\nSilahƒ±mƒ± indiremem\n\nKƒ±yafetlerim aƒüƒ±rla≈üƒ±yor\n\nBir≈üey anla≈üƒ±lmƒ±≈ü olmak istiyor\n\nBenim i√ßimde olan karanlƒ±k bir≈üey\n\nKaranlƒ±k samimiyeti\n\nO g√∂zlerini a√ßtƒ± ve kalanlarƒ± izledi\n\nve hayatƒ±nƒ± ve a≈ükƒ±nƒ± kaybettiƒüini d√º≈ü√ºnd√º\n\nLenslerini dƒ±≈üarƒ±ya salladƒ±, yakƒ±nda lensleri onu geri isterler\n\nAnlar yanlƒ±z geliyor sƒ±nƒ±rlƒ± ve az\n\nTabi, o sava≈üƒ±rdƒ±, ama o g√∂zlemliyor\n\nCesaretli hareketleri anlatƒ±lcak gibi deƒüildi ve ≈üahsen yaptƒ±m\n\nO hayalet i√ßin bunun gibi bir tehdit olamazdƒ±\n\nErkek onu bir kere kurtardƒ±, ≈üimdi sƒ±ra onda erkeƒüi kurtarmak i√ßin',
 'Tbh, I so want to make friends that like this kind of music',
 '‚îÄ‚îÄ‚ñÑ‚ñÄ‚ñÑ‚îÄ‚îÄ\n‚îÄ‚îÄ‚ñà‚îÄ‚ñà‚îÄ‚îÄ\n‚îÄ‚îÄ‚ñà‚îÄ‚ñà‚îÄ‚îÄ\n‚îÄ‚îÄ‚ñà‚îÄ‚ñà‚îÄ‚îÄ',
 'sub to me plz',
 'ye',
 'im  inlove with the girl singing this <3',
 '‚îÄ‚îÄ‚îÄ‚îÄ‚îÄ‚îÄ‚îÄ‚îÄ‚îÄ‚îÄ‚îÄ‚îÄ‚îÄ‚îÄ‚îÄ‚îÄ‚îÄ‚îÄ‚îÄ‚îÄ‚îÄ‚îÄ‚îÄ‚îÄ‚îÄ‚ñÑ‚ñÄ‚ñÑ  \n‚îÄ‚îÄ‚îÄ‚îÄ‚îÄ‚îÄ‚îÄ‚îÄ‚îÄ‚îÄ‚îÄ‚îÄ‚îÄ‚îÄ‚îÄ‚îÄ‚îÄ‚îÄ‚îÄ‚îÄ‚îÄ‚îÄ‚îÄ‚îÄ‚îÄ‚ñà‚îÄ‚ñà  \n‚îÄ‚îÄ‚îÄ‚îÄ‚îÄ‚îÄ‚îÄ‚îÄ‚îÄ‚îÄ‚îÄ‚îÄ‚îÄ‚îÄ‚îÄ‚îÄ‚îÄ‚îÄ‚îÄ‚îÄ‚îÄ‚îÄ‚îÄ‚îÄ‚îÄ‚ñà‚îÄ‚ñà  \n‚îÄ‚îÄ‚îÄ‚îÄ‚îÄ‚îÄ‚îÄ‚îÄ‚îÄ‚îÄ‚îÄ‚îÄ‚îÄ‚îÄ‚îÄ‚îÄ‚îÄ‚îÄ‚îÄ‚îÄ‚îÄ‚îÄ‚îÄ‚îÄ‚îÄ‚ñà‚îÄ‚ñà  \n‚îÄ‚îÄ‚îÄ‚îÄ‚îÄ‚îÄ‚îÄ‚îÄ‚îÄ‚îÄ‚îÄ‚îÄ‚îÄ‚îÄ‚îÄ‚îÄ‚îÄ‚îÄ‚îÄ‚îÄ‚îÄ‚îÄ‚îÄ‚îÄ‚îÄ‚ñà‚îÄ‚ñà  \n‚îÄ‚îÄ‚îÄ‚îÄ‚îÄ‚îÄ‚îÄ‚îÄ‚îÄ‚îÄ‚îÄ‚îÄ‚îÄ‚îÄ‚îÄ‚îÄ‚îÄ‚îÄ‚îÄ‚îÄ‚îÄ‚îÄ‚îÄ‚îÄ‚îÄ‚ñà‚îÄ‚ñà  \n‚îÄ‚îÄ‚îÄ‚îÄ‚îÄ‚îÄ‚îÄ‚îÄ‚îÄ‚îÄ‚îÄ‚îÄ‚îÄ‚îÄ‚îÄ‚îÄ‚îÄ‚îÄ‚îÄ‚îÄ‚îÄ‚îÄ‚îÄ‚îÄ‚îÄ‚ñà‚îÄ‚ñÄ‚ñà‚ñÄ‚ñà‚ñÑ  \n‚îÄ‚îÄ‚îÄ‚îÄ‚îÄ‚îÄ‚îÄ‚îÄ‚îÄ‚îÄ‚îÄ‚îÄ‚îÄ‚îÄ‚îÄ‚îÄ‚îÄ‚îÄ‚îÄ‚îÄ‚îÄ‚îÄ‚îÄ‚îÄ‚îÄ‚ñà‚îÄ‚îÄ‚ñà‚îÄ‚îÄ‚ñà  \n‚îÄ‚îÄ‚îÄ‚îÄ‚îÄ‚îÄ‚îÄ‚îÄ‚îÄ‚îÄ‚îÄ‚îÄ‚îÄ‚îÄ‚îÄ‚îÄ‚îÄ‚îÄ‚îÄ‚îÄ‚îÄ‚îÄ‚îÄ‚îÄ‚îÄ‚ñà‚ñÑ‚ñÑ‚ñà‚îÄ‚îÄ‚ñÄ‚ñà  \n‚îÄ‚îÄ‚îÄ‚îÄ‚îÄ‚îÄ‚îÄ‚îÄ‚îÄ‚îÄ‚îÄ‚îÄ‚îÄ‚îÄ‚îÄ‚îÄ‚îÄ‚îÄ‚îÄ‚îÄ‚îÄ‚îÄ‚îÄ‚îÄ‚ñÑ‚ñà‚îÄ‚îÄ‚ñÑ‚ñà‚ñÑ‚îÄ‚ñÄ‚ñà  \n‚îÄ‚îÄ‚îÄ‚îÄ‚îÄ‚îÄ‚îÄ‚îÄ‚îÄ‚îÄ‚îÄ‚îÄ‚îÄ‚îÄ‚îÄ‚îÄ‚îÄ‚îÄ‚îÄ‚îÄ‚îÄ‚îÄ‚îÄ‚îÄ‚ñà‚îÄ‚ñÑ‚ñà‚îÄ‚ñà‚îÄ‚ñà‚îÄ‚ñà  \n‚îÄ‚îÄ‚îÄ‚îÄ‚îÄ‚îÄ‚îÄ‚îÄ‚îÄ‚îÄ‚îÄ‚îÄ‚îÄ‚îÄ‚îÄ‚îÄ‚îÄ‚îÄ‚îÄ‚îÄ‚îÄ‚îÄ‚îÄ‚îÄ‚ñà‚îÄ‚îÄ‚ñà‚îÄ‚ñà‚îÄ‚ñà‚îÄ‚ñà  \n‚îÄ‚îÄ‚îÄ‚îÄ‚îÄ‚îÄ‚îÄ‚îÄ‚îÄ‚îÄ‚îÄ‚îÄ‚îÄ‚îÄ‚îÄ‚îÄ‚îÄ‚îÄ‚îÄ‚îÄ‚îÄ‚îÄ‚îÄ‚îÄ‚ñà‚îÄ‚îÄ‚ñà‚îÄ‚ñà‚îÄ‚ñà‚îÄ‚ñà  \n‚îÄ‚îÄ‚îÄ‚îÄ‚ñÑ‚ñà‚ñÑ‚îÄ‚îÄ‚ñÑ‚ñà‚ñÑ‚îÄ‚îÄ‚îÄ‚îÄ‚îÄ‚îÄ‚îÄ‚îÄ‚îÄ‚îÄ‚îÄ‚îÄ‚ñà‚îÄ‚îÄ‚ñÄ‚ñÄ‚ñà‚îÄ‚ñà‚îÄ‚ñà  \n‚îÄ‚îÄ‚ñÑ‚ñà‚ñà‚ñà‚ñà‚ñà‚ñà‚ñà‚ñà‚ñà‚îÄ‚îÄ‚îÄ‚îÄ‚îÄ‚îÄ‚îÄ‚îÄ‚îÄ‚îÄ‚îÄ‚îÄ‚ñÄ‚ñà‚îÄ‚îÄ‚îÄ‚ñà‚îÄ‚ñà‚ñÑ‚ñÄ  \n‚îÄ‚ñÑ‚ñà‚ñà‚ñà‚ñà‚ñà‚ñà‚ñà‚ñà‚ñà‚ñà‚ñà‚îÄ‚îÄ‚îÄ‚îÄ‚îÄ‚îÄ‚îÄ‚îÄ‚îÄ‚îÄ‚îÄ‚îÄ‚ñà‚ñà‚îÄ‚îÄ‚ñÄ‚ñÄ‚îÄ‚ñà  \n‚ñÑ‚ñà‚ñà‚ñà‚ñà‚ñà‚ñà‚ñà‚ñà‚ñà‚ñà‚ñà‚ñà‚ñà‚îÄ‚îÄ‚îÄ‚îÄ‚îÄ‚îÄ‚îÄ‚îÄ‚îÄ‚îÄ‚îÄ‚îÄ‚ñà‚îÄ‚îÄ‚îÄ‚îÄ‚îÄ‚ñà  \n‚ñà‚ñà‚ñà‚ñà‚ñà‚ñà‚ñà‚ñà‚ñà‚ñà‚îÄ‚îÄ‚îÄ‚ñÄ‚ñÄ‚ñà‚ñÑ‚îÄ‚îÄ‚îÄ‚îÄ‚îÄ‚îÄ‚îÄ‚îÄ‚îÄ‚ñÄ‚ñà‚îÄ‚îÄ‚îÄ‚îÄ‚ñà  \n‚ñà‚ñà‚ñà‚ñà‚ñà‚ñà‚ñà‚ñà‚îÄ‚îÄ‚îÄ‚ñÄ‚ñÄ‚ñÄ‚îÄ‚îÄ‚ñà‚îÄ‚îÄ‚îÄ‚îÄ‚îÄ‚îÄ‚îÄ‚îÄ‚îÄ‚îÄ‚ñà‚îÄ‚îÄ‚îÄ‚îÄ‚ñà  \n‚ñà‚ñà‚ñà‚ñà‚ñà‚ñà‚îÄ‚îÄ‚îÄ‚îÄ‚îÄ‚îÄ‚îÄ‚ñà‚ñà‚îÄ‚ñÄ‚ñà‚îÄ‚îÄ‚îÄ‚îÄ‚îÄ‚îÄ‚îÄ‚îÄ‚îÄ‚ñà‚îÄ‚îÄ‚îÄ‚îÄ‚ñà  \n‚ñà‚ñà‚ñà‚ñà‚îÄ‚îÄ‚ñÑ‚îÄ‚îÄ‚îÄ‚îÄ‚îÄ‚îÄ‚îÄ‚îÄ‚îÄ‚îÄ‚ñÄ‚ñà‚îÄ‚îÄ‚îÄ‚îÄ‚îÄ‚îÄ‚îÄ‚îÄ‚ñà‚îÄ‚îÄ‚îÄ‚îÄ‚ñà Look son!\n‚ñà‚ñà‚ñà‚îÄ‚îÄ‚ñà‚îÄ‚îÄ‚îÄ‚îÄ‚îÄ‚îÄ‚ñÄ‚ñÄ‚ñà‚îÄ‚îÄ‚îÄ‚ñÄ‚ñà‚îÄ‚îÄ‚îÄ‚îÄ‚îÄ‚îÄ‚îÄ‚ñà‚îÄ‚îÄ‚îÄ‚îÄ‚ñà A fucking stupid song!!\n‚ñà‚ñà‚ñà‚îÄ‚ñÄ‚îÄ‚ñà‚ñà‚îÄ‚îÄ‚îÄ‚îÄ‚îÄ‚îÄ‚ñà‚îÄ‚îÄ‚îÄ‚îÄ‚ñÄ‚ñà‚îÄ‚îÄ‚îÄ‚îÄ‚îÄ‚îÄ‚ñà‚îÄ‚îÄ‚îÄ‚îÄ‚ñà  \n‚ñà‚ñà‚ñà‚îÄ‚îÄ‚îÄ‚îÄ‚îÄ‚îÄ‚îÄ‚îÄ‚îÄ‚îÄ‚îÄ‚îÄ‚îÄ‚îÄ‚îÄ‚îÄ‚îÄ‚ñÄ‚ñà‚îÄ‚îÄ‚îÄ‚îÄ‚îÄ‚ñà‚îÄ‚îÄ‚îÄ‚îÄ‚ñà  \n‚ñà‚ñà‚ñà‚îÄ‚îÄ‚îÄ‚îÄ‚îÄ‚îÄ‚îÄ‚îÄ‚îÄ‚îÄ‚îÄ‚îÄ‚îÄ‚îÄ‚îÄ‚îÄ‚îÄ‚îÄ‚ñà‚îÄ‚îÄ‚îÄ‚îÄ‚îÄ‚ñà‚îÄ‚îÄ‚îÄ‚îÄ‚ñà  \n‚ñà‚ñà‚ñà‚îÄ‚îÄ‚îÄ‚îÄ‚îÄ‚îÄ‚îÄ‚îÄ‚îÄ‚îÄ‚îÄ‚îÄ‚îÄ‚ñÑ‚ñÄ‚îÄ‚îÄ‚îÄ‚ñà‚îÄ‚îÄ‚îÄ‚îÄ‚îÄ‚ñà‚îÄ‚îÄ‚îÄ‚îÄ‚ñà  \n‚ñà‚ñà‚ñà‚ñà‚îÄ‚îÄ‚îÄ‚îÄ‚îÄ‚îÄ‚îÄ‚îÄ‚îÄ‚ñÑ‚ñÑ‚ñà‚ñà‚îÄ‚îÄ‚îÄ‚îÄ‚ñà‚ñÑ‚îÄ‚îÄ‚îÄ‚îÄ‚ñà‚îÄ‚îÄ‚îÄ‚îÄ‚ñà  \n‚ñà‚ñà‚ñà‚ñà‚îÄ‚îÄ‚îÄ‚îÄ‚îÄ‚îÄ‚îÄ‚îÄ‚ñà‚ñà‚ñà‚ñà‚ñà‚ñà‚îÄ‚îÄ‚îÄ‚îÄ‚ñà‚îÄ‚îÄ‚îÄ‚îÄ‚ñà‚îÄ‚îÄ‚îÄ‚îÄ‚ñà  \n‚ñà‚ñà‚ñà‚ñà‚ñà‚îÄ‚îÄ‚îÄ‚îÄ‚ñà‚îÄ‚îÄ‚ñà‚ñà‚ñà‚ñà‚ñà‚ñà‚ñà‚ñÄ‚îÄ‚îÄ‚ñà‚îÄ‚îÄ‚îÄ‚ñÑ‚ñà‚ñÑ‚ñÑ‚ñÑ‚ñÑ‚ñà  \n‚ñà‚ñà‚ñÄ‚ñÄ‚ñà‚ñà‚îÄ‚îÄ‚îÄ‚îÄ‚ñÄ‚îÄ‚ñà‚ñà‚ñÑ‚îÄ‚îÄ‚ñÑ‚ñà‚îÄ‚îÄ‚îÄ‚ñà‚îÄ‚îÄ‚îÄ‚ñà‚îÄ‚îÄ‚îÄ‚îÄ‚îÄ‚ñà  \n‚ñà‚ñà‚ñÑ‚îÄ‚îÄ‚îÄ‚îÄ‚îÄ‚îÄ‚îÄ‚îÄ‚îÄ‚îÄ‚ñà‚ñà‚ñà‚ñà‚ñà‚ñà‚îÄ‚îÄ‚îÄ‚ñà‚îÄ‚îÄ‚îÄ‚ñà‚îÄ‚îÄ‚îÄ‚îÄ‚îÄ‚ñà  \n‚îÄ‚ñà‚ñà‚ñÑ‚îÄ‚îÄ‚îÄ‚îÄ‚îÄ‚îÄ‚îÄ‚îÄ‚îÄ‚îÄ‚îÄ‚îÄ‚ñÑ‚ñÑ‚îÄ‚îÄ‚îÄ‚îÄ‚ñà‚îÄ‚îÄ‚îÄ‚ñà‚îÄ‚îÄ‚îÄ‚îÄ‚îÄ‚ñà  \n‚îÄ‚ñà‚ñà‚ñà‚ñà‚ñà‚ñà‚ñà‚îÄ‚îÄ‚îÄ‚îÄ‚îÄ‚îÄ‚îÄ‚îÄ‚îÄ‚îÄ‚îÄ‚îÄ‚îÄ‚ñÑ‚ñà‚îÄ‚îÄ‚îÄ‚ñà‚îÄ‚îÄ‚îÄ‚îÄ‚îÄ‚ñà  \n‚îÄ‚îÄ‚ñà‚ñà‚ñà‚ñà‚ñà‚ñà‚îÄ‚îÄ‚îÄ‚îÄ‚îÄ‚îÄ‚îÄ‚îÄ‚îÄ‚îÄ‚îÄ‚îÄ‚îÄ‚ñà‚îÄ‚îÄ‚îÄ‚ñà‚ñÄ‚îÄ‚îÄ‚îÄ‚îÄ‚îÄ‚ñà  \n‚îÄ‚îÄ‚ñÑ‚ñà‚ñà‚ñà‚ñà‚ñà‚ñà‚ñà‚ñÑ‚îÄ‚îÄ‚îÄ‚îÄ‚îÄ‚îÄ‚îÄ‚îÄ‚îÄ‚ñÑ‚ñà‚îÄ‚îÄ‚ñà‚ñÄ‚îÄ‚îÄ‚îÄ‚îÄ‚îÄ‚îÄ‚ñà  \n‚îÄ‚ñÑ‚ñà‚îÄ‚îÄ‚îÄ‚îÄ‚îÄ‚ñÑ‚ñÄ‚ñÄ‚ñÄ‚ñà‚îÄ‚îÄ‚îÄ‚îÄ‚îÄ‚îÄ‚îÄ‚ñà‚îÄ‚îÄ‚îÄ‚ñà‚îÄ‚îÄ‚îÄ‚îÄ‚îÄ‚îÄ‚îÄ‚ñà  \n‚ñÑ‚ñà‚îÄ‚îÄ‚îÄ‚îÄ‚îÄ‚îÄ‚îÄ‚îÄ‚ñà‚îÄ‚îÄ‚ñà‚îÄ‚îÄ‚îÄ‚îÄ‚ñÑ‚ñà‚ñà‚ñà‚ñÄ‚ñÄ‚ñÄ‚ñÄ‚îÄ‚îÄ‚îÄ‚îÄ‚îÄ‚îÄ‚ñà  \n‚ñà‚îÄ‚îÄ‚ñÑ‚ñÄ‚ñÄ‚îÄ‚îÄ‚îÄ‚îÄ‚îÄ‚îÄ‚îÄ‚îÄ‚ñà‚îÄ‚îÄ‚ñÑ‚ñÄ‚îÄ‚îÄ‚ñà‚îÄ‚îÄ‚îÄ‚îÄ‚îÄ‚îÄ‚îÄ‚îÄ‚îÄ‚îÄ‚ñà  \n‚ñà‚îÄ‚îÄ‚îÄ‚îÄ‚ñà‚îÄ‚îÄ‚îÄ‚îÄ‚îÄ‚îÄ‚îÄ‚îÄ‚îÄ‚ñà‚îÄ‚îÄ‚îÄ‚îÄ‚îÄ‚ñà‚îÄ‚îÄ‚îÄ‚îÄ‚îÄ‚îÄ‚îÄ‚îÄ‚îÄ‚îÄ‚ñà  \n‚ñà‚îÄ‚îÄ‚îÄ‚îÄ‚îÄ‚îÄ‚îÄ‚îÄ‚ñÄ‚ñà‚îÄ‚îÄ‚îÄ‚îÄ‚ñà‚îÄ‚îÄ‚îÄ‚îÄ‚îÄ‚ñà‚îÄ‚îÄ‚îÄ‚îÄ‚îÄ‚îÄ‚îÄ‚îÄ‚îÄ‚ñà‚ñà  \n‚ñà‚îÄ‚îÄ‚îÄ‚îÄ‚îÄ‚îÄ‚îÄ‚îÄ‚îÄ‚îÄ‚îÄ‚îÄ‚îÄ‚îÄ‚îÄ‚ñà‚îÄ‚îÄ‚ñÑ‚ñà‚ñÄ‚îÄ‚îÄ‚îÄ‚îÄ‚îÄ‚îÄ‚îÄ‚îÄ‚îÄ‚ñà  \n‚ñà‚îÄ‚îÄ‚îÄ‚îÄ‚îÄ‚îÄ‚îÄ‚îÄ‚îÄ‚îÄ‚ñà‚ñà‚îÄ‚îÄ‚îÄ‚ñà‚ñÄ‚ñÄ‚ñÄ‚îÄ‚îÄ‚îÄ‚îÄ‚îÄ‚îÄ‚îÄ‚îÄ‚îÄ‚îÄ‚îÄ‚ñà  \n‚ñà‚îÄ‚îÄ‚îÄ‚îÄ‚îÄ‚îÄ‚îÄ‚îÄ‚îÄ‚îÄ‚îÄ‚îÄ‚îÄ‚îÄ‚îÄ‚ñà‚îÄ‚îÄ‚îÄ‚îÄ‚îÄ‚îÄ‚îÄ‚îÄ‚îÄ‚îÄ‚îÄ‚îÄ‚îÄ‚îÄ‚ñà  \n‚ñà‚ñÑ‚îÄ‚îÄ‚îÄ‚îÄ‚îÄ‚îÄ‚îÄ‚îÄ‚îÄ‚îÄ‚îÄ‚îÄ‚îÄ‚ñà‚ñà‚îÄ‚îÄ‚îÄ‚îÄ‚îÄ‚îÄ‚îÄ‚îÄ‚îÄ‚îÄ‚îÄ‚îÄ‚îÄ‚îÄ‚ñà  \n‚îÄ‚ñà‚ñÑ‚îÄ‚îÄ‚îÄ‚îÄ‚îÄ‚îÄ‚îÄ‚îÄ‚îÄ‚îÄ‚îÄ‚îÄ‚ñà‚îÄ‚îÄ‚îÄ‚îÄ‚îÄ‚îÄ‚îÄ‚îÄ‚îÄ‚îÄ‚îÄ‚îÄ‚îÄ‚îÄ‚îÄ‚ñà  \n‚îÄ‚îÄ‚ñà‚ñà‚ñÑ‚îÄ‚îÄ‚îÄ‚îÄ‚îÄ‚îÄ‚îÄ‚îÄ‚ñÑ‚ñà‚ñà‚ñà‚ñÄ‚ñÄ‚ñÄ‚ñÄ‚ñÄ‚ñÑ‚îÄ‚îÄ‚îÄ‚îÄ‚îÄ‚îÄ‚îÄ‚îÄ‚ñà  \n‚îÄ‚ñà‚ñÄ‚îÄ‚ñÄ‚ñà‚ñÑ‚îÄ‚îÄ‚îÄ‚îÄ‚îÄ‚îÄ‚îÄ‚îÄ‚ñÄ‚ñà‚îÄ‚îÄ‚îÄ‚îÄ‚îÄ‚îÄ‚ñÄ‚ñÑ‚îÄ‚îÄ‚îÄ‚îÄ‚îÄ‚îÄ‚ñà  \n‚îÄ‚ñà‚îÄ‚îÄ‚îÄ‚îÄ‚ñÄ‚ñÄ‚ñÄ‚ñÄ‚ñÑ‚îÄ‚îÄ‚îÄ‚îÄ‚îÄ‚ñà‚îÄ‚îÄ‚îÄ‚îÄ‚îÄ‚îÄ‚îÄ‚îÄ‚ñÄ‚îÄ‚îÄ‚îÄ‚îÄ‚îÄ‚ñà',
 'Veela is best!',
 'Parkour video brang me here how bout you?',
 "The best voice i've heard :')",
 'shit song',
 'Super Saiyen?',
 'is this song copyrighted? can I use it in a video?',
 '2016',
 'Why im still listening this in 2016? This song is love <3',
 'I like this a lot',
 'good shit',
 'Anyone here from the cod days? \nThe good times',
 'osu anyone?',
 'Rhys Williams',
 'wer schaut das wegen biBa seinen Matchmaking Highlights/Vac',
 'Merry Pawe≈Ç and Marciszka',
 'Merry Rafaello',
 'ra bar bar',
 'what genre is this ?',
 'good',
 'Is this song Copyrighted?',
 'klibe mal mal dalƒ±p kitlenmek',
 'i was the 50,000th like thumb me up',
 "‚ñ¨‚ñ¨‚ñ¨‚ñ¨‚ñ¨‚ñ¨‚ñ¨‚ñ¨‚ñ¨‚ñ¨‡Æú€©€û€©‡Æú‚ñ¨‚ñ¨‚ñ¨‚ñ¨‚ñ¨‚ñ¨‚ñ¨‚ñ¨‚ñ¨‚ñ¨‚ñ¨‚ñ¨‚ñ¨‚ñ¨\n         Who's tired of these fucking comments?\n‚ñ¨‚ñ¨‚ñ¨‚ñ¨‚ñ¨‚ñ¨‚ñ¨‚ñ¨‚ñ¨‚ñ¨‡Æú€©€û€©‡Æú‚ñ¨‚ñ¨‚ñ¨‚ñ¨‚ñ¨‚ñ¨‚ñ¨‚ñ¨‚ñ¨‚ñ¨‚ñ¨‚ñ¨‚ñ¨‚ñ¨",
 'I got this song off the parkour video.',
 'Reckful brought me here feelsgoodman',
 'Osu!',
 'zelda!',
 '3:05',
 'does anyone know the lyrics? or have a link to a vid with the lyrics? its hard to me to hear everything she says.',
 'Biiiiiiiig tuuuuune!\n\n0:43 high moment! no doubt',
 '2016dan sea',
 'Who is watching it in 2016?',
 'CADE OS BR NESSA PORRA',
 'CADE OSS BR',
 'copyright free?',
 '*_~GHOST.ASSASSIN~_*',
 '.',
 '2016 still listening :):):):)',
 'zelzars intro is this song',
 'Brandon L.']